paper_id,doi,source,query_id,query,outlet,url,title,summary,published_date,retrieved_on
,,serpapi_outlet_sweep,S-O,"site:nytimes.com (""Adolescent Brain Cognitive Development"" OR ""ABCD Study"")",nytimes.com,https://www.nytimes.com/2026/01/24/us/children-genetics-race-science.html,Genetic Data From Over 20000 U.S. Children Misused for ' ...,"Yet by relying on genetic and other personal data from the prominent project, known as the Adolescent Brain Cognitive Development ... ABCD Study and a ...","Jan 24, 2026",2026-05-09T05:06:05.552336Z
,,serpapi_outlet_sweep,S-O,"site:nytimes.com (""Adolescent Brain Cognitive Development"" OR ""ABCD Study"")",nytimes.com,https://www.nytimes.com/2018/12/10/health/screen-time-kids-psychology.html,Is Screen Time Bad for Kids' Brains?,"On Sunday evening, CBS's “60 Minutes” reported on early results from the A.B.C.D. Study (for Adolescent Brain Cognitive Development), a $300 million project ...","Dec 10, 2018",2026-05-09T05:06:05.552336Z
,,serpapi_outlet_sweep,S-O,"site:nytimes.com (""Adolescent Brain Cognitive Development"" OR ""ABCD Study"")",nytimes.com,https://www.nytimes.com/2022/03/16/science/brain-imaging-research.html,Brain-Imaging Studies Hampered by Small Data Sets ...,"All three studies are ongoing: the Human Connectome Project, which has 1,200 participants; the Adolescent Brain Cognitive Development, or A.B.C.D., study ...","Mar 16, 2022",2026-05-09T05:06:05.552336Z
,,serpapi_outlet_sweep,S-O,"site:nytimes.com (""Adolescent Brain Cognitive Development"" OR ""ABCD Study"")",nytimes.com,https://www.nytimes.com/2025/12/01/well/family/early-smartphone-ownership-study.html,A Smartphone Before Age 12 Could Carry Health Risks ...,"Researchers had analyzed data from more than 10,500 children who participated in the Adolescent Brain Cognitive Development Study — the largest long-term ...","Dec 1, 2025",2026-05-09T05:06:05.552336Z
,,serpapi_outlet_sweep,S-O,"site:nytimes.com (""Adolescent Brain Cognitive Development"" OR ""ABCD Study"")",nytimes.com,https://www.nytimes.com/2023/09/20/well/family/social-media-teen-brain-mental-health.html,What Social Media Does to the Teen Brain,"She is eagerly awaiting results from the ongoing Adolescent Brain Cognitive Development, or A.B.C.D. study, funded by the National Institutes of Health ...","Sep 20, 2023",2026-05-09T05:06:05.552336Z
,,serpapi_outlet_sweep,S-O,"site:nytimes.com (""Adolescent Brain Cognitive Development"" OR ""ABCD Study"")",nytimes.com,https://www.nytimes.com/2026/03/26/learning/science-practice-a-study-on-the-health-effects-of-a-cellphone-before-age-12.html,A Study on the Health Effects of a Cellphone Before Age 12,"Researchers had analyzed data from more than 10,500 children who participated in the Adolescent Brain Cognitive Development Study — the largest long-term ...","Mar 30, 2026",2026-05-09T05:06:05.552336Z
,,serpapi_outlet_sweep,S-O,"site:nytimes.com (""Adolescent Brain Cognitive Development"" OR ""ABCD Study"")",nytimes.com,https://www.nytimes.com/2026/03/26/learning/how-young-is-too-young-to-get-a-smartphone.html,How Young Is Too Young to Get a Smartphone?,"Researchers had analyzed data from more than 10,500 children who participated in the Adolescent Brain Cognitive Development Study — the largest long-term ...","Mar 26, 2026",2026-05-09T05:06:05.552336Z
,,serpapi_outlet_sweep,S-O,"site:nytimes.com (""Adolescent Brain Cognitive Development"" OR ""ABCD Study"")",nytimes.com,https://www.nytimes.com/2019/04/24/health/screen-time-kids.html,W.H.O. Says Limited or No Screen Time for Children Under 5,"The National Institutes of Health has funded a $300 million project known as the A.B.C.D. Study (for Adolescent Brain Cognitive Development), which hopes to ...","Apr 24, 2019",2026-05-09T05:06:05.552336Z
,,serpapi_outlet_sweep,S-O,"site:nytimes.com (""Adolescent Brain Cognitive Development"" OR ""ABCD Study"")",nytimes.com,https://www.nytimes.com/2025/11/06/technology/personaltech/ai-social-media-brain-rot.html,How A.I. and Social Media Contribute to 'Brain Rot',"Dr. Jason Nagata, a pediatrician who led the study, and his colleagues looked at data from ABCD, for Adolescent Brain Cognitive Development, a research project ...","Nov 6, 2025",2026-05-09T05:06:05.552336Z
,,serpapi_outlet_sweep,S-O,"site:nytimes.com (""Adolescent Brain Cognitive Development"" OR ""ABCD Study"")",nytimes.com,https://www.nytimes.com/2022/08/22/health/adolescents-mental-health-technology.html,A Teen's Journey Into the Internet's Darkness and Back Again,"Major research efforts, such as the federally funded Adolescent Brain Cognitive Development study, are still in their early stages. The study follows 12,000 ...","Sep 9, 2022",2026-05-09T05:06:05.552336Z
,,serpapi_outlet_sweep,S-O,"site:washingtonpost.com (""Adolescent Brain Cognitive Development"" OR ""ABCD Study"")",washingtonpost.com,https://www.washingtonpost.com/lifestyle/2025/06/11/social-media-use-depression-tweens/,Social media use is fueling depression symptoms in tweens,"The data was drawn from the national Adolescent Brain Cognitive Development Study, which includes a racially and economically diverse sample of children in ...","Jun 11, 2025",2026-05-09T05:06:06.892948Z
,,serpapi_outlet_sweep,S-O,"site:washingtonpost.com (""Adolescent Brain Cognitive Development"" OR ""ABCD Study"")",washingtonpost.com,https://www.washingtonpost.com/health/2024/06/14/racism-depression-anxiety-black-adolescents/,Racism can spark depression and anxiety in Black ...,"He and his team pulled data from the Adolescent Brain Cognitive Development Study, a nationwide project funded by the National Institutes of Health that ...","Jun 14, 2024",2026-05-09T05:06:06.892948Z
,,serpapi_outlet_sweep,S-O,"site:washingtonpost.com (""Adolescent Brain Cognitive Development"" OR ""ABCD Study"")",washingtonpost.com,https://www.washingtonpost.com/lifestyle/2018/12/27/how-much-screentime-debate-all-parents-are-just-trying-figure-it-out/,How much screen time? Silicon Valley parents are still ...,"The National Institutes of Health (NIH) recently announced the launch of the Adolescent Brain Cognitive Development (ABCD) study, which will track more ...","Dec 27, 2018",2026-05-09T05:06:06.892948Z
,,serpapi_outlet_sweep,S-O,"site:washingtonpost.com (""Adolescent Brain Cognitive Development"" OR ""ABCD Study"")",washingtonpost.com,https://www.washingtonpost.com/health/2026/01/06/adhd-ritalin-sleep-children/,"ADHD drugs work, but not the way experts thought","The brain images used in the Cell paper published last month came from children enrolled in the Adolescent Brain Cognitive Development (ABCD) study, which began ...","Jan 6, 2026",2026-05-09T05:06:06.892948Z
,,serpapi_outlet_sweep,S-O,"site:washingtonpost.com (""Adolescent Brain Cognitive Development"" OR ""ABCD Study"")",washingtonpost.com,https://www.washingtonpost.com/health/2022/02/20/children-disasters-mental-health/,Disaster news can trigger post-traumatic stress in kids ...,"The Adolescent Brain Cognitive Development study followed 11,800 children across the United States over a 10-year period using a variety of brain imaging ...","Feb 20, 2022",2026-05-09T05:06:06.892948Z
,,serpapi_outlet_sweep,S-O,"site:npr.org (""Adolescent Brain Cognitive Development"" OR ""ABCD Study"")",npr.org,https://www.npr.org/sections/health-shots/2018/06/19/621136346/a-look-at-social-media-finds-some-possible-benefits-for-kids,A Look At Social Media Finds Some Possible Benefits For ...,"The findings come from an analysis of data from about 4,500 young people and their parents collected by the Adolescent Brain Cognitive Development study, a ...","Jun 19, 2018",2026-05-09T05:06:08.596736Z
,,serpapi_outlet_sweep,S-O,"site:npr.org (""Adolescent Brain Cognitive Development"" OR ""ABCD Study"")",npr.org,https://www.npr.org/sections/health-shots/2018/10/30/662127406/when-adolescents-give-up-pot-their-cognition-quickly-improves,Study: Laying Off Pot Improved Teens' Learning : Shots,Lisdahl says that longitudinal studies such as the NIH's Adolescent Brain Cognitive Development Study could provide more information about what marijuana does ...,"Oct 30, 2018",2026-05-09T05:06:08.596736Z
,,serpapi_outlet_sweep,S-O,"site:npr.org (""Adolescent Brain Cognitive Development"" OR ""ABCD Study"")",npr.org,https://www.npr.org/sections/shots-health-news/2025/10/13/nx-s1-5571050/social-media-teens-brains-reading-memory,Kids who use social media score lower on reading and ...,... Adolescent Brain Cognitive Development (ABCD) Study. Scientists have been following thousands of preteens as they go through adolescence to understand the ...,"Oct 13, 2025",2026-05-09T05:06:08.596736Z
,,serpapi_outlet_sweep,S-O,"site:npr.org (""Adolescent Brain Cognitive Development"" OR ""ABCD Study"")",npr.org,https://www.npr.org/sections/shots-health-news/2025/06/18/nx-s1-5436951/jama-screens-teens-addiction-suicide-abcd,Screen addiction and suicidal behaviors are linked for ...,Xiao and her colleagues used data from a large-scale ongoing longitudinal study called the Adolescent Brain Cognitive Development (ABCD) Study. It's been ...,"Jun 18, 2025",2026-05-09T05:06:08.596736Z
,,serpapi_outlet_sweep,S-O,"site:npr.org (""Adolescent Brain Cognitive Development"" OR ""ABCD Study"")",npr.org,https://www.npr.org/transcripts/nx-s1-5436951,Screen addiction and suicidal behaviors are linked for ...,"So they used data on more than 4,000 kids from a really well-known long-term study called ABCD - or Adolescent Brain Cognitive Development Study. And it's ...","Jun 18, 2025",2026-05-09T05:06:08.596736Z
,,serpapi_outlet_sweep,S-O,"site:npr.org (""Adolescent Brain Cognitive Development"" OR ""ABCD Study"")",npr.org,https://www.npr.org/transcripts/1110870180,TASTE BUDDIES: No Sugarcoating How Sweet Affects The ...,Would you introduce us to the ABCD study or the Adolescent Brain Cognitive Development study? JOSEPH: Yeah. So the ABCD study is the largest long-term study ...,"Jul 28, 2022",2026-05-09T05:06:08.596736Z
,,serpapi_outlet_sweep,S-O,"site:npr.org (""Adolescent Brain Cognitive Development"" OR ""ABCD Study"")",npr.org,https://www.npr.org/sections/shots-health-news/2024/07/24/nx-s1-5049892/tweens-screens-sleep-how-parents-can-help-kids-get-zzzzz,"Tweens, screens and sleep: How parents can help kids get ...","The study involved nearly 9,400 11- and 12-year-olds who are part of the Adolescent Brain Cognitive Development Study, a large, long-term study of brain ...","Jul 24, 2024",2026-05-09T05:06:08.596736Z
,,serpapi_outlet_sweep,S-O,"site:npr.org (""Adolescent Brain Cognitive Development"" OR ""ABCD Study"")",npr.org,https://www.npr.org/sections/shots-health-news/2025/12/27/nx-s1-5658291/adhd-adderall-ritalin-mechanism,ADHD drugs may work indirectly to boost attention,"The new research analyzed data from the Adolescent Brain Cognitive Development Study, a federally funded effort that includes brain scans of nearly 12,000 ...","Dec 27, 2025",2026-05-09T05:06:08.596736Z
,,serpapi_outlet_sweep,S-O,"site:npr.org (""Adolescent Brain Cognitive Development"" OR ""ABCD Study"")",npr.org,https://www.npr.org/sections/health-shots/2019/03/19/704948217/daily-marijuana-use-and-highly-potent-weed-linked-to-psychosis,More Evidence Links Marijuana Use And Psychosis : Shots,"The Adolescent Brain Cognitive Development study, which is funded by the U.S. National Institutes of Health, is attempting to tease out the various ...","Mar 19, 2019",2026-05-09T05:06:08.596736Z
,,serpapi_outlet_sweep,S-O,"site:npr.org (""Adolescent Brain Cognitive Development"" OR ""ABCD Study"")",npr.org,https://www.npr.org/2024/07/25/g-s1-13285/up-first-newsletter-biden-oval-office-address-harris-israel-gaza,Up First briefing: Biden Oval Office speech; Harris' stance ...,"Scientists looked at nearly 9,400 11- and 12-year-olds for the Adolescent Brain Cognitive Development Study, a long-term study of brain development and ...","Jul 25, 2024",2026-05-09T05:06:08.596736Z
,,serpapi_outlet_sweep,S-O,"site:wsj.com (""Adolescent Brain Cognitive Development"" OR ""ABCD Study"")",wsj.com,https://www.wsj.com/opinion/the-medical-case-against-rescheduling-weed-cannabis-6945c4b8,The Medical Case Against Rescheduling Weed,The National Institute on Drug Abuse's Adolescent Brain Cognitive Development longitudinal study shows prenatal marijuana exposure is also associated with later ...,"Dec 14, 2025",2026-05-09T05:06:11.120825Z
,,serpapi_outlet_sweep,S-O,"site:cbsnews.com (""Adolescent Brain Cognitive Development"" OR ""ABCD Study"")",cbsnews.com,https://www.cbsnews.com/news/children-smartphones-increased-risk-of-health-problems-study/,Children who have smartphones by age 12 are at ...,"... Adolescent Brain Cognitive Development Study (ABCD) between 2018 and 2020. ... According to researchers, 63.6% of the ABCD study's participants owned a ...","Dec 1, 2025",2026-05-09T05:06:14.774287Z
,,serpapi_outlet_sweep,S-O,"site:cbsnews.com (""Adolescent Brain Cognitive Development"" OR ""ABCD Study"")",cbsnews.com,https://www.cbsnews.com/news/phones-tablets-and-their-impact-on-kids-brains-60-minutes/,"Phones, tablets, and their impact on kids' brains - 60 Minutes","The Adolescent Brain Cognitive Development (ABCD) study will follow more than 10,000 kids. Dr. Gaya Dowling of the National Institutes of Health explained ...","Dec 9, 2018",2026-05-09T05:06:14.774287Z
,,serpapi_outlet_sweep,S-O,"site:cnn.com (""Adolescent Brain Cognitive Development"" OR ""ABCD Study"")",cnn.com,https://www.cnn.com/2022/10/24/health/kids-video-games-cognition-memory,Video gaming may have some cognitive benefits for kids ...,"The research involved data from nearly 2,000 9- and 10-year-olds from the Adolescent Brain Cognitive Development (ABCD) Study, which is following about ...",,2026-05-09T05:06:18.889088Z
,,serpapi_outlet_sweep,S-O,"site:cnn.com (""Adolescent Brain Cognitive Development"" OR ""ABCD Study"")",cnn.com,https://www.cnn.com/2024/07/12/health/sex-gender-child-brain,A detailed look at children's brains might show how sex ...,"... Adolescent Brain Cognitive Development (ABCD) study, the largest long-term study of brain development and child health in the United States. Over a period ...","Jul 12, 2024",2026-05-09T05:06:18.889088Z
,,serpapi_outlet_sweep,S-O,"site:cnn.com (""Adolescent Brain Cognitive Development"" OR ""ABCD Study"")",cnn.com,https://www.cnn.com/2025/02/04/health/parent-child-screen-time-wellness,Parents' phone habits increase exposure of mature content ...,"Nagata and other researchers analyzed data from the Adolescent Brain Cognitive Development (ABCD) Study, including more than 10,000 adolescents aged 12 to 13.","Feb 4, 2025",2026-05-09T05:06:18.889088Z
,,serpapi_outlet_sweep,S-O,"site:cnn.com (""Adolescent Brain Cognitive Development"" OR ""ABCD Study"")",cnn.com,https://www.cnn.com/2024/06/27/health/parents-kids-screen-time-wellness,"To curb kids' use of screens, parents may have to cut back ...","The researchers analyzed data from the national Adolescent Brain Cognitive Development (ABCD) Study, involving over 10,000 families with 12- and 13-year-olds.","Jun 27, 2024",2026-05-09T05:06:18.889088Z
,,serpapi_outlet_sweep,S-O,"site:cnn.com (""Adolescent Brain Cognitive Development"" OR ""ABCD Study"")",cnn.com,https://www.cnn.com/2024/09/19/health/childhood-sleep-problems-suicide-risk-wellness,"Childhood sleep issues may raise suicide risk, study finds","That's why the authors used data from more than 8,800 children recruited by the Adolescent Brain Cognitive Development Study at 21 sites across the United ...","Sep 19, 2024",2026-05-09T05:06:18.889088Z
,,serpapi_outlet_sweep,S-O,"site:cnn.com (""Adolescent Brain Cognitive Development"" OR ""ABCD Study"")",cnn.com,https://cnnespanol.cnn.com/2024/07/12/cerebro-menores-diferencias-sexo-genero-estudio-trax,Una mirada detallada al cerebro de los menores podría ...,"... Adolescent Brain Cognitive Development (ABCD), el mayor estudio a largo plazo sobre el desarrollo cerebral y la salud infantil en Estados Unidos. Durante un ...","Jul 12, 2024",2026-05-09T05:06:18.889088Z
,,serpapi_outlet_sweep,S-O,"site:usatoday.com (""Adolescent Brain Cognitive Development"" OR ""ABCD Study"")",usatoday.com,https://www.usatoday.com/story/news/health/2021/11/01/covid-screen-time-among-teens-doubles-during-pandemic-study-finds/6230769001/,"Screen time among teens doubles during pandemic, study ...","Using data from the Adolescent Brain Cognitive Development Study, a large, long-term study of brain development funded by the National Institutes of Health ...","Nov 1, 2021",2026-05-09T05:06:28.082021Z
,,serpapi_outlet_sweep,S-O,"site:usatoday.com (""Adolescent Brain Cognitive Development"" OR ""ABCD Study"")",usatoday.com,https://www.usatoday.com/story/money/2022/10/25/video-games-linked-better-cognitive-skills-kids-study-shows/10596752002/,"Video games linked to better cognitive skills in kids, study ...","The Adolescent Brain Cognitive Development Study, funded by the National Institutes of Health, tracks 12,000 children who entered the study when they were nine ...","Oct 27, 2022",2026-05-09T05:06:28.082021Z
,,serpapi_outlet_sweep,S-O,"site:usatoday.com (""Adolescent Brain Cognitive Development"" OR ""ABCD Study"")",usatoday.com,https://www.usatoday.com/story/news/health/2023/05/08/anti-poverty-programs-children-brain-development-health/70179467007/,"How anti-poverty programs help close rich, poor gap in ...","Dowling is director of the Adolescent Brain Cognitive Development (ABCD) Study, which provided the data for the cash assistance study. ABCD Study is a long ...","May 8, 2023",2026-05-09T05:06:28.082021Z
,,serpapi_outlet_sweep,S-O,"site:wired.com (""Adolescent Brain Cognitive Development"" OR ""ABCD Study"")",wired.com,https://www.wired.com/story/year-in-review-tech-addiction-debate-all-wrong/,We've Got the Screen Time Debate All Wrong. Let's Fix It,"News outlets responded similarly in early December, when 60 Minutes reported on preliminary results from the Adolescent Brain Cognitive Development Study, a ...","Dec 20, 2018",2026-05-09T05:06:30.978879Z
,,serpapi_outlet_sweep,S-O,"site:vox.com (""Adolescent Brain Cognitive Development"" OR ""ABCD Study"")",vox.com,https://www.vox.com/podcasts/471398/teenage-brains-science-abcd-study-unexplainable,The quest to solve the mysteries of teen minds - Vox,"And so, the NIH ultimately decided to kick off a massive project: the Adolescent Brain Cognitive Development study, or “ABCD.” The plan was to follow ...","Dec 10, 2025",2026-05-09T05:06:32.593569Z
,,serpapi_outlet_sweep,S-O,"site:vox.com (""Adolescent Brain Cognitive Development"" OR ""ABCD Study"")",vox.com,https://www.vox.com/science-and-health/2019/2/20/18210498/smartphones-tech-social-media-teens-depression-anxiety-research,"Smartphones, teens, and depression: should we panic? Not yet.","Breslin is currently working on an enormous study of adolescent brain development. It's called the ABCD Study (Adolescent Brain Cognitive Development Study), ...","Feb 20, 2019",2026-05-09T05:06:32.593569Z
,,serpapi_outlet_sweep,S-O,"site:newsweek.com (""Adolescent Brain Cognitive Development"" OR ""ABCD Study"")",newsweek.com,https://www.newsweek.com/neurons-different-children-autism-study-1967219,"Neurons Different in Children with Autism, Study Finds",The University of Rochester neuroscientists used data from the Adolescent Brain Cognitive Development (ABCD) study database: a large long-term study of brain ...,"Oct 10, 2024",2026-05-09T05:06:36.275842Z
,,serpapi_outlet_sweep,S-O,"site:newsweek.com (""Adolescent Brain Cognitive Development"" OR ""ABCD Study"")",newsweek.com,https://www.newsweek.com/neuroscientists-brain-sex-gender-1924056,Neuroscientists Reveal Key Brain Differences Between ...,"""Using data from the Adolescent Brain Cognitive Development Study with 4,757 participants, we analyzed functional MRI data to see how different brain ...","Jul 12, 2024",2026-05-09T05:06:36.275842Z
,,serpapi_outlet_sweep,S-O,"site:theguardian.com (""Adolescent Brain Cognitive Development"" OR ""ABCD Study"")",theguardian.com,https://www.theguardian.com/science/2025/apr/22/teenagers-bed-early-sleep-longer-sharper-brains-study,Teenagers who go to bed early and sleep longer have ...,"Sahakian's team and researchers at Fudan University in Shanghai analysed data from 3,222 young people in the adolescent brain cognitive development study ...","Apr 22, 2025",2026-05-09T05:06:37.724979Z
,,serpapi_outlet_sweep,S-O,"site:theguardian.com (""Adolescent Brain Cognitive Development"" OR ""ABCD Study"")",theguardian.com,https://www.theguardian.com/science/2025/sep/30/study-links-greater-inequality-to-structural-changes-in-childrens-brains,Study links greater inequality to structural changes in ...,The data was gathered from the Adolescent Brain Cognitive Development study and published in the journal Nature Mental Health. Researchers at King's College ...,"Sep 30, 2025",2026-05-09T05:06:37.724979Z
,,serpapi_outlet_sweep,S-O,"site:theguardian.com (""Adolescent Brain Cognitive Development"" OR ""ABCD Study"")",theguardian.com,https://www.theguardian.com/commentisfree/2025/sep/10/england-ban-energy-drinks-caffeine-children-parents-social-media,Why have energy drinks been banned for under-16s in ...,"... adolescent brain cognitive development study. It followed these children over time to look at the impact of various substances, including caffeine, on brain ...","Sep 10, 2025",2026-05-09T05:06:37.724979Z
,,serpapi_outlet_sweep,S-O,"site:theguardian.com (""Adolescent Brain Cognitive Development"" OR ""ABCD Study"")",theguardian.com,https://www.theguardian.com/global/2022/jul/03/is-your-smartphone-ruining-your-memory-the-rise-of-digital-amenesia,Is your smartphone ruining your memory? A special report ...,"Smartphone use can even change the brain, according to the ongoing ABCD study which is tracking over 10,000 American children through to adulthood. “It ...","Jul 3, 2022",2026-05-09T05:06:37.724979Z
,,serpapi_outlet_sweep,S-O,"site:bbc.com (""Adolescent Brain Cognitive Development"" OR ""ABCD Study"")",bbc.com,https://www.bbc.com/news/articles/cvg7j0pg1e2o,Is an early night the key to better test results?,"The study, published in Cell Reports, also used data from the Adolescent Brain Cognitive Development Study. Dr Qing Ma, of Fudan University, said: ""Although ...","Apr 23, 2025",2026-05-09T05:06:42.670523Z
,,serpapi_outlet_sweep,S-O,"site:bbc.co.uk (""Adolescent Brain Cognitive Development"" OR ""ABCD Study"")",bbc.co.uk,https://www.bbc.co.uk/news/articles/cvg7j0pg1e2o,Is an early night the key to better test results?,"The study, published in Cell Reports, external, also used data from the Adolescent Brain Cognitive Development Study. Dr Qing Ma, of Fudan University, said ...","Apr 23, 2025",2026-05-09T05:06:44.884138Z
,,serpapi_outlet_sweep,S-O,"site:medpagetoday.com (""Adolescent Brain Cognitive Development"" OR ""ABCD Study"")",medpagetoday.com,https://www.medpagetoday.com/special-reports/features/119625,NIH Data Misused for 'Race Science'; RFK Jr.'s Autism ...,The Adolescent Brain Cognitive Development (ABCD) Study is a decade-long endeavor tracking kids' brain development in order to give insight into the impact ...,"Jan 28, 2026",2026-05-09T05:06:47.436356Z
,,serpapi_outlet_sweep,S-O,"site:medpagetoday.com (""Adolescent Brain Cognitive Development"" OR ""ABCD Study"")",medpagetoday.com,https://www.medpagetoday.com/pediatrics/generalpediatrics/117911,Increasing Social Media Use in Preteens May Be Hurting ...,"... Adolescent Brain Cognitive Development (ABCD) study. From ages 9 to 13 years, both low increasing social media use (+1.3 hours/day) and high increasing ...","Oct 13, 2025",2026-05-09T05:06:47.436356Z
,,serpapi_outlet_sweep,S-O,"site:medpagetoday.com (""Adolescent Brain Cognitive Development"" OR ""ABCD Study"")",medpagetoday.com,https://www.medpagetoday.com/pediatrics/generalpediatrics/119288,Teens Spend an Hour on Their Smartphones at School,"... Adolescent Brain Cognitive Development (ABCD) study. Among 640 teens with passive measurement software on their phones, a mean of 1.16 hours was spent using ...","Jan 5, 2026",2026-05-09T05:06:47.436356Z
,,serpapi_outlet_sweep,S-O,"site:medpagetoday.com (""Adolescent Brain Cognitive Development"" OR ""ABCD Study"")",medpagetoday.com,https://www.medpagetoday.com/pediatrics/preventivecare/100164,"Brain Structure, Cognitive Performance Linked With ...",This observational cohort study was conducted using data from the Adolescent Brain and Cognitive Developmentopens in a new tab or window (ABCD) study of ...,"Aug 10, 2022",2026-05-09T05:06:47.436356Z
,,serpapi_outlet_sweep,S-O,"site:medpagetoday.com (""Adolescent Brain Cognitive Development"" OR ""ABCD Study"")",medpagetoday.com,https://www.medpagetoday.com/pediatrics/generalpediatrics/101377,Video Games May Not Rot Kids' Brains After All,The Adolescent Brain Cognitive Development (ABCD) Study is supported by the National Institute on Drug Abuse. A study co-author reported grants from the NIH ...,"Oct 24, 2022",2026-05-09T05:06:47.436356Z
,,serpapi_outlet_sweep,S-O,"site:medpagetoday.com (""Adolescent Brain Cognitive Development"" OR ""ABCD Study"")",medpagetoday.com,https://www.medpagetoday.com/pulmonology/asthma/112842,Asthma Tied to Memory Difficulties in Kids,"For this study, the researchers used data collected from the long-term Adolescent Brain Cognitive Development (ABCD) Studyopens in a new tab or window.","Nov 11, 2024",2026-05-09T05:06:47.436356Z
,,serpapi_outlet_sweep,S-O,"site:medpagetoday.com (""Adolescent Brain Cognitive Development"" OR ""ABCD Study"")",medpagetoday.com,https://www.medpagetoday.com/pediatrics/generalpediatrics/115531,No Causal Link Between Stimulants and Psychotic ...,... Adolescent Brain Cognitive Development Studyopens in a new tab or window. Treatment propensities were derived using covariates indexing demographic factors ...,"May 12, 2025",2026-05-09T05:06:47.436356Z
,,serpapi_outlet_sweep,S-O,"site:medpagetoday.com (""Adolescent Brain Cognitive Development"" OR ""ABCD Study"")",medpagetoday.com,https://www.medpagetoday.com/psychiatry/generalpsychiatry/102906,Childhood Adversity Tied to Race-Related Differences in ...,"... Adolescent Brain Cognitive Development (ABCDopens in a new tab or window) study. Among children ages 9 to 10 years, white kids showed greater gray matter ...","Feb 1, 2023",2026-05-09T05:06:47.436356Z
,,serpapi_outlet_sweep,S-O,"site:medpagetoday.com (""Adolescent Brain Cognitive Development"" OR ""ABCD Study"")",medpagetoday.com,https://www.medpagetoday.com/pediatrics/generalpediatrics/116127,Addiction to Screen Time Tied to Suicidality in U.S. Kids,"The study used data from the Adolescent Brain Cognitive Development (ABCD) study, with population-based samples from 21 sites across the U.S.. Limitations ...","Jun 18, 2025",2026-05-09T05:06:47.436356Z
,,serpapi_outlet_sweep,S-O,"site:medpagetoday.com (""Adolescent Brain Cognitive Development"" OR ""ABCD Study"")",medpagetoday.com,https://www.medpagetoday.com/meetingcoverage/rsna/101983,Brain MRI Finds Areas of Interest in Kids With ADHD,"Lin and co-authors used MRI data from the NIH-sponsored multisite Adolescent Brain Cognitive Development (ABCD) study, which is the largest long-term study ...","Nov 30, 2022",2026-05-09T05:06:47.436356Z
,,serpapi_outlet_sweep,S-O,"site:medscape.com (""Adolescent Brain Cognitive Development"" OR ""ABCD Study"")",medscape.com,https://www.medscape.com/viewarticle/teen-cannabis-use-tied-slower-cognitive-development-2026a1000e0h,Teen Cannabis Use Tied to Slower Cognitive Development,Limitations of the study were possible selection bias that may reduce generalizability and potential external contamination of hair samples. The ABCD Study is ...,8 days ago,2026-05-09T05:06:49.451000Z
,,serpapi_outlet_sweep,S-O,"site:medscape.com (""Adolescent Brain Cognitive Development"" OR ""ABCD Study"")",medscape.com,https://www.medscape.com/viewarticle/sleep-and-social-media-impact-youth-brain-development-2024a1000ag1,Sleep and Social Media Impact Youth Brain Development,"Notably, analysis of data on participants in the Adolescent Brain Cognitive Development (ABCD) study revealed that shorter sleep duration correlated ...","Jun 4, 2024",2026-05-09T05:06:49.451000Z
,,serpapi_outlet_sweep,S-O,"site:medscape.com (""Adolescent Brain Cognitive Development"" OR ""ABCD Study"")",medscape.com,https://www.medscape.com/viewarticle/top-predictors-substance-initiation-youth-flagged-2024a10008tl,Top Predictors of Substance Initiation in Youth Flagged,Previous studies examining predictors of substance use initiation in the Adolescent Brain Cognitive Development (ABCD) Study dataset focused primarily on ...,"May 7, 2024",2026-05-09T05:06:49.451000Z
,,serpapi_outlet_sweep,S-O,"site:medscape.com (""Adolescent Brain Cognitive Development"" OR ""ABCD Study"")",medscape.com,https://www.medscape.com/viewarticle/950320,Motor Abnormalities a Harbinger of Serious Mental Illness?,"For their study, the investigators gathered motor function data from the Adolescent Brain Cognitive Development Study (ABCD), which included 10,835 children ...","Apr 30, 2021",2026-05-09T05:06:49.451000Z
,,serpapi_outlet_sweep,S-O,"site:medscape.com (""Adolescent Brain Cognitive Development"" OR ""ABCD Study"")",medscape.com,https://www.medscape.com/viewarticle/addictive-screen-use-not-total-time-linked-poor-mental-2025a1000gbs,Addictive Screen Use Risky for Teen Mental Health,"... Adolescent Brain Cognitive Development study. Validated self-report questionnaires were used to assess and track addictive use of social media, cell phones ...","Jun 19, 2025",2026-05-09T05:06:49.451000Z
,,serpapi_outlet_sweep,S-O,"site:medscape.com (""Adolescent Brain Cognitive Development"" OR ""ABCD Study"")",medscape.com,https://www.medscape.com/viewarticle/stimulant-medications-dont-cause-psychosis-new-study-finds-2025a1000bno,"Stimulant Medications Don't Cause Psychosis, New Study ...","Kelleher and his colleagues used data from the Adolescent Brain Cognitive Development Study, a longitudinal study tracking brain development and child health in ...","May 14, 2025",2026-05-09T05:06:49.451000Z
,,serpapi_outlet_sweep,S-O,"site:medscape.com (""Adolescent Brain Cognitive Development"" OR ""ABCD Study"")",medscape.com,https://www.medscape.com/viewarticle/older-impulsive-teens-more-open-vaping-smoking-2025a1000x6m,"Older, Impulsive Teens More Open to Vaping, Smoking",Researchers analyzed data from the Adolescent Brain Cognitive Development study to assess susceptibility to e-cigarette and cigarette use among US adolescents.,"Nov 27, 2025",2026-05-09T05:06:49.451000Z
,,serpapi_outlet_sweep,S-O,"site:medscape.com (""Adolescent Brain Cognitive Development"" OR ""ABCD Study"")",medscape.com,https://www.medscape.com/viewarticle/can-developing-brain-weather-climate-change-2025a1000x6k,Can the Developing Brain Weather Climate Change?,"Their brain imaging parameters are modeling the Adolescent Brain Cognitive Development Study, the largest long-term study of brain development and child health ...","Nov 27, 2025",2026-05-09T05:06:49.451000Z
,,serpapi_outlet_sweep,S-O,"site:medscape.com (""Adolescent Brain Cognitive Development"" OR ""ABCD Study"")",medscape.com,https://www.medscape.com/viewarticle/how-wildfire-smoke-may-harm-brain-health-2024a1000oyf,How Wildfire Smoke May Harm Brain Health,"In this sample of more than 10,000 youth from the Adolescent Brain Cognitive Development Study, each additional day of exposure at unsafe levels boosted the ...","Dec 23, 2024",2026-05-09T05:06:49.451000Z
,,serpapi_outlet_sweep,S-O,"site:medscape.com (""Adolescent Brain Cognitive Development"" OR ""ABCD Study"")",medscape.com,https://emedicine.medscape.com/article/916611-differential,Pediatric Sleep Disorders Differential Diagnoses,"Data-driven, generalizable prediction of adolescent sleep disturbances in the multisite Adolescent Brain Cognitive Development Study. Sleep. 2024 Jun 13. 47 ...","Sep 26, 2024",2026-05-09T05:06:49.451000Z
,,serpapi_outlet_sweep,S-O,"site:sciencealert.com (""Adolescent Brain Cognitive Development"" OR ""ABCD Study"")",sciencealert.com,https://www.sciencealert.com/groundbreaking-study-reveals-the-extent-of-brain-abnormalities-in-american-children,Groundbreaking Study Reveals The Extent of Brain ...,"The Adolescent Brain Cognitive Development (ABCD) Study is the largest long-term study of its kind in the United States, involving almost 11,700 healthy ...","Mar 26, 2021",2026-05-09T05:06:54.298174Z
,,serpapi_outlet_sweep,S-O,"site:sciencealert.com (""Adolescent Brain Cognitive Development"" OR ""ABCD Study"")",sciencealert.com,https://www.sciencealert.com/sex-and-gender-show-distinct-variations-in-brain-connectivity,Sex And Gender Show Distinct Variations in Brain ...,... Adolescent Brain Cognitive Development (ABCD) Study. This data was cross-referenced against answers given by the kids on their feelings about their gender ...,"Jul 23, 2024",2026-05-09T05:06:54.298174Z
,,serpapi_outlet_sweep,S-O,"site:sciencealert.com (""Adolescent Brain Cognitive Development"" OR ""ABCD Study"")",sciencealert.com,https://www.sciencealert.com/study-of-11000-us-teens-links-cannabis-use-to-slower-brain-development,Study of 11000 US Teens Links Cannabis Use to Slower ...,"It's based on data from the Adolescent Brain Cognitive Development study, which tracked the brain health and function of 11,036 young people from age 9 or ...","Apr 22, 2026",2026-05-09T05:06:54.298174Z
,,serpapi_outlet_sweep,S-O,"site:sciencealert.com (""Adolescent Brain Cognitive Development"" OR ""ABCD Study"")",sciencealert.com,https://www.sciencealert.com/boosted-brain-activity-observed-in-children-who-play-video-games,Boosted Brain Activity Observed in Children Who Play ...,"​For the new research, Chaarani and colleagues analyzed data from the large and ongoing Adolescent Brain Cognitive Development (ABCD) Study, which is funded by ...","Oct 25, 2022",2026-05-09T05:06:54.298174Z
,,serpapi_outlet_sweep,S-O,"site:sciencealert.com (""Adolescent Brain Cognitive Development"" OR ""ABCD Study"")",sciencealert.com,https://www.sciencealert.com/playing-video-games-has-an-unexpected-effect-on-kids-iq-study-says,Playing Video Games Has an Unexpected Effect on Kids' ...,"The researchers looked at screen time records for 9,855 kids in the ABCD Study, all in the US and aged 9 or 10. On average, the youngsters reported spending ...","Jan 18, 2026",2026-05-09T05:06:54.298174Z
,,serpapi_outlet_sweep,S-O,"site:sciencealert.com (""Adolescent Brain Cognitive Development"" OR ""ABCD Study"")",sciencealert.com,https://www.sciencealert.com/study-of-6000-scans-reveals-brain-wide-patterns-linked-to-adhd-symptoms,Study of 6000 Scans Reveals Brain-Wide Patterns Linked ...,"... Adolescent Brain Cognitive Development Study, a long-term US study of brain development into adulthood. The link between PNRS and ADHD symptoms was then ...","Feb 1, 2024",2026-05-09T05:06:54.298174Z
,,serpapi_outlet_sweep,S-O,"site:scientificamerican.com (""Adolescent Brain Cognitive Development"" OR ""ABCD Study"")",scientificamerican.com,https://www.scientificamerican.com/article/addiction-risk-shows-up-in-childrens-brain-scans-before-drug-use-starts/,Massive Study Flips Our Story of Addiction and the Brain,"Published in December 2024 in JAMA Network Open, the new work is part of the ongoing NIDA-led Adolescent Brain Cognitive Development initiative, the largest ...","Jul 7, 2025",2026-05-09T05:06:56.564231Z
,,serpapi_outlet_sweep,S-O,"site:scientificamerican.com (""Adolescent Brain Cognitive Development"" OR ""ABCD Study"")",scientificamerican.com,https://www.scientificamerican.com/article/the-pandemic-disrupted-adolescent-brain-development/,The Pandemic Disrupted Adolescent Brain Development,"Stamoulis and her colleagues looked at neuroimaging data from 1,414 adolescents in the Adolescent Brain Cognitive Development Study, the largest ongoing ...","Nov 17, 2023",2026-05-09T05:06:56.564231Z
,,serpapi_outlet_sweep,S-O,"site:scientificamerican.com (""Adolescent Brain Cognitive Development"" OR ""ABCD Study"")",scientificamerican.com,https://www.scientificamerican.com/article/is-social-media-addictive-the-science-reveals-whats-at-stake/,Is social media addictive? The science reveals what's at ...,"... Adolescent Brain Cognitive Development (ABCD) Study, a large, long-term investigation that has been tracking children's mental health over time. The May ...","Mar 24, 2026",2026-05-09T05:06:56.564231Z
,,serpapi_outlet_sweep,S-O,"site:scientificamerican.com (""Adolescent Brain Cognitive Development"" OR ""ABCD Study"")",scientificamerican.com,https://www.scientificamerican.com/article/is-cannabis-bad-for-teens-data-paint-a-conflicting-picture/,Is Cannabis Bad for Teens? Data Paint a Conflicting Picture,"In the hope of getting a better handle on the situation, her agency funded the Adolescent Brain Cognitive Development (ABCD) study. Started in 2015, ABCD ...","Dec 13, 2023",2026-05-09T05:06:56.564231Z
,,serpapi_outlet_sweep,S-O,"site:scientificamerican.com (""Adolescent Brain Cognitive Development"" OR ""ABCD Study"")",scientificamerican.com,https://www.scientificamerican.com/article/are-smartphones-really-destroying-the-lives-of-teenagers/,Are Smartphones Really Destroying the Lives of Teenagers?,"The ABCD (Adolescent Brain Cognitive Development) study has received funding of $300 million, “which is more than the entire history of adolescent research ...","Feb 1, 2018",2026-05-09T05:06:56.564231Z
,,serpapi_outlet_sweep,S-O,"site:scientificamerican.com (""Adolescent Brain Cognitive Development"" OR ""ABCD Study"")",scientificamerican.com,https://www.scientificamerican.com/article/why-do-so-many-mental-illnesses-overlap/,Why Do So Many Mental Illnesses Overlap?,"... Adolescent Brain Cognitive Development (ABCD) Study, the scientists reported at the 2023 meeting of the American Society for Human Genetics. The researchers ...","Mar 4, 2024",2026-05-09T05:06:56.564231Z
,,serpapi_outlet_sweep,S-O,"site:scientificamerican.com (""Adolescent Brain Cognitive Development"" OR ""ABCD Study"")",scientificamerican.com,https://www.scientificamerican.com/article/marijuana-may-not-lower-your-iq/,Marijuana May Not Lower Your IQ,"For now, investigators are eagerly awaiting data from the recently launched Adolescent Brain and Cognitive Development (ABCD) study. ABCD is following ...","May 7, 2020",2026-05-09T05:06:56.564231Z
,,serpapi_outlet_sweep,S-O,"site:scientificamerican.com (""Adolescent Brain Cognitive Development"" OR ""ABCD Study"")",scientificamerican.com,https://www.scientificamerican.com/article/why-you-shouldnt-ignore-loud-snoring-in-kids/,Why You Shouldn't Ignore Loud Snoring in Kids,"In two recent papers using data from nearly 12,000 children enrolled in the ongoing Adolescent Brain Cognitive Development study, pediatric ...","Apr 15, 2025",2026-05-09T05:06:56.564231Z
,,serpapi_outlet_sweep,S-O,"site:livescience.com (""Adolescent Brain Cognitive Development"" OR ""ABCD Study"")",livescience.com,https://www.livescience.com/health/neuroscience/is-there-really-a-difference-between-male-and-female-brains-emerging-science-is-revealing-the-answer,Is there really a difference between male and female brains ...,"Dhamala and colleagues recently aimed to fill in that gap using data from the Adolescent Brain and Cognitive Development (ABCD) study, an enormous U.S. ...","Mar 7, 2025",2026-05-09T05:06:57.901502Z
,,serpapi_outlet_sweep,S-O,"site:livescience.com (""Adolescent Brain Cognitive Development"" OR ""ABCD Study"")",livescience.com,https://www.livescience.com/62767-drug-addiction-alters-six-brain-networks.html,How Drug Addiction Hijacks the Brain,"Zilverstand added that she's particularly excited about an ongoing study called the Adolescent Brain Cognitive Development (ABCD) Study, which is tracking ...","Jun 8, 2018",2026-05-09T05:06:57.901502Z
,,serpapi_outlet_sweep,S-O,"site:healthday.com (""Adolescent Brain Cognitive Development"" OR ""ABCD Study"")",healthday.com,https://www.healthday.com/health-news/public-health/child-development-2661926333.html,Growing Up Poor May Rewire a Child's Brain: Study,"... Adolescent Brain Cognitive Development (ABCD) study, of which Washington University is one of 21 study sites. The ABCD study is following nearly 12,000 ...","Jun 28, 2023",2026-05-09T05:06:58.990561Z
,,serpapi_outlet_sweep,S-O,"site:healthday.com (""Adolescent Brain Cognitive Development"" OR ""ABCD Study"")",healthday.com,https://www.healthday.com/health-news/child-health/b-8-3-too-little-sleep-may-harm-young-kids-brains-2657771550.html,Too Little Sleep May Harm Young Kids' Brains,"... Adolescent Brain Cognitive Development (ABCD) study. The investigators looked at MRI scans, medical records, and surveys the kids and their parents filled ...","Aug 3, 2022",2026-05-09T05:06:58.990561Z
,,serpapi_outlet_sweep,S-O,"site:healthday.com (""Adolescent Brain Cognitive Development"" OR ""ABCD Study"")",healthday.com,https://www.healthday.com/health-news/child-health/obesity-in-kids-2658728790.html,"As Kids' Obesity Rises, Brain Health Declines: Study","... Adolescent Brain Cognitive Development (ABCD) study. Of these, 21% were overweight and 17.6% were obese. What did they find? There were structural and ...","Nov 29, 2022",2026-05-09T05:06:58.990561Z
,,serpapi_outlet_sweep,S-O,"site:healthday.com (""Adolescent Brain Cognitive Development"" OR ""ABCD Study"")",healthday.com,https://www.healthday.com/health-news/public-health/kids-and-social-media-2659636501.html,Too Much Time Online Might Raise Kids' Odds for Mental ...,"... Adolescent Brain Cognitive Development (ABCD) study. The data included brain scans, psychological evaluations and behavior tracking on these kids starting ...","Mar 29, 2023",2026-05-09T05:06:58.990561Z
,,serpapi_outlet_sweep,S-O,"site:healthday.com (""Adolescent Brain Cognitive Development"" OR ""ABCD Study"")",healthday.com,https://www.healthday.com/health-news/public-health/how-much-sleep-do-teens-need-2660614458.html,One Key to Good Sleep for Teens: No Social Media at ...,... Adolescent Brain Cognitive Development Study. Kids and parents answered questions about sleep habits. Youth also provided information about their screen and ...,"May 30, 2023",2026-05-09T05:06:58.990561Z
,,serpapi_outlet_sweep,S-O,"site:healthday.com (""Adolescent Brain Cognitive Development"" OR ""ABCD Study"")",healthday.com,https://www.healthday.com/healthpro-news/cardiovascular-diseases/adequate-sleep-linked-to-reduced-risk-for-hypertension-in-teens,Adequate Sleep Linked to Reduced Risk for Hypertension ...,... Adolescent Brain Cognitive Development study to examine the specific interaction between noise and sleep health in causing hypertension. The cohort included ...,"Nov 15, 2024",2026-05-09T05:06:58.990561Z
,,serpapi_outlet_sweep,S-O,"site:healthday.com (""Adolescent Brain Cognitive Development"" OR ""ABCD Study"")",healthday.com,https://www.healthday.com/health-news/child-health/kids-consume-more-mature-media-when-parents-overuse-screens,Kids Consume More Mature Media When Parents Overuse ...,"The study analyzed data from more than 10,000 12- and 13-year-olds who were part of the Adolescent Brain Cognitive Development (ABCD) Study. “We wanted to ...","Feb 5, 2025",2026-05-09T05:06:58.990561Z
,,serpapi_outlet_sweep,S-O,"site:healthday.com (""Adolescent Brain Cognitive Development"" OR ""ABCD Study"")",healthday.com,https://www.healthday.com/health-news/child-health/video-games-2658484987.html,Video Games May Bring Cognitive Benefits to Kids: Study,The ABCD study is following kids to young adulthood. Chaarani said that will allow researchers to see whether video gaming actually precedes any ...,"Oct 24, 2022",2026-05-09T05:06:58.990561Z
,,serpapi_outlet_sweep,S-O,"site:healthday.com (""Adolescent Brain Cognitive Development"" OR ""ABCD Study"")",healthday.com,https://www.healthday.com/health-news/sexual-health/lgbt-2659659345.html,Stress Might Mean Worse Sleep for Many Gay & Lesbian ...,"For the study, Nagata's team used data from 2018 to 2020 on more than 8,500 chlidren aged 10 to 14 who were part of the Adolescent Brain Cognitive Development ...","Mar 28, 2023",2026-05-09T05:06:58.990561Z
,,serpapi_outlet_sweep,S-O,"site:healthday.com (""Adolescent Brain Cognitive Development"" OR ""ABCD Study"")",healthday.com,https://www.healthday.com/health-news/mental-health/binge-eating-disorder-2666013373.html,Lesbian & Gay Teens Have Twice the Odds for Binge ...,"The researchers analyzed data from more than 10,000 adolescents aged 10 to 14 years old who were part of the Adolescent Brain Cognitive Development Study ...","Oct 19, 2023",2026-05-09T05:06:58.990561Z
,,serpapi_outlet_sweep,S-O,"site:psychologytoday.com (""Adolescent Brain Cognitive Development"" OR ""ABCD Study"")",psychologytoday.com,https://www.psychologytoday.com/us/blog/motivated-behaviors/202505/college-bound-and-the-changing-adolescent-brain,College Bound and the Changing Adolescent Brain,"... Adolescent Brain Cognitive Development. By combining brain imaging, behavioral tasks, and measures of early life factors, like prenatal exposures, maternal ...","May 5, 2025",2026-05-09T05:07:00.235006Z
,,serpapi_outlet_sweep,S-O,"site:psychologytoday.com (""Adolescent Brain Cognitive Development"" OR ""ABCD Study"")",psychologytoday.com,https://www.psychologytoday.com/us/blog/no-more-fomo/202511/when-just-one-more-scroll-turns-dangerous,When 'Just One More Scroll' Turns Dangerous,"They used the same data set as our last blog post, the Adolescent Brain Cognitive Development (ABCD) Study, the largest long-term study on brain development ...","Nov 18, 2025",2026-05-09T05:07:00.235006Z
,,serpapi_outlet_sweep,S-O,"site:psychologytoday.com (""Adolescent Brain Cognitive Development"" OR ""ABCD Study"")",psychologytoday.com,https://www.psychologytoday.com/us/blog/recovery-from-brain-injury/202602/he-just-loves-his-screen-time,"""He Just Loves His Screen Time"" | ...",(2025). Convergent and divergent brain–cognition relationships during development revealed by cross-sectional and longitudinal analyses in the ABCD Study.,"Feb 6, 2026",2026-05-09T05:07:00.235006Z
,,serpapi_outlet_sweep,S-O,"site:psychologytoday.com (""Adolescent Brain Cognitive Development"" OR ""ABCD Study"")",psychologytoday.com,https://www.psychologytoday.com/us/blog/recovery-from-brain-injury/202602/the-impact-of-tech-on-young-minds,The Impact of Tech on Young Minds,"Screen media activity and brain structure in youth: Evidence for diverse structural correlation networks from the ABCD study. Neuroimage, 185, 140-153 ...","Mar 3, 2026",2026-05-09T05:07:00.235006Z
,,serpapi_outlet_sweep,S-O,"site:psychologytoday.com (""Adolescent Brain Cognitive Development"" OR ""ABCD Study"")",psychologytoday.com,https://www.psychologytoday.com/us/blog/raising-resilient-children/202512/when-childhood-meets-the-glow-of-a-phone,When Childhood Meets the Glow of a Phone,"Drawing on data from more than 10,000 participants in the Adolescent Brain Cognitive Development Study, researchers found that children who have smartphones ...","Dec 5, 2025",2026-05-09T05:07:00.235006Z
,,serpapi_outlet_sweep,S-O,"site:psychologytoday.com (""Adolescent Brain Cognitive Development"" OR ""ABCD Study"")",psychologytoday.com,https://www.psychologytoday.com/us/blog/clinical-and-forensic-dimensions-of-psychiatry/202508/when-cannabis-culture-collides-with,When Cannabis Culture Collides With Brain Science,... Adolescent Brain Cognitive Development (ABCD) study. It found that prenatal cannabis exposure (PCE)—even before a mother knew she was pregnant—was ...,"Aug 5, 2025",2026-05-09T05:07:00.235006Z
,,serpapi_outlet_sweep,S-O,"site:psychologytoday.com (""Adolescent Brain Cognitive Development"" OR ""ABCD Study"")",psychologytoday.com,https://www.psychologytoday.com/us/blog/brain-and-behavior/202003/screen-time-and-the-mental-health-children,Screen Time and the Mental Health of Children,"... Adolescent Brain Cognitive Development (ABCD) study, funded by National Institutes of Mental Health. Since ABCD, in which Dr. Barch is a co-principal ...","Mar 5, 2020",2026-05-09T05:07:00.235006Z
,,serpapi_outlet_sweep,S-O,"site:psychologytoday.com (""Adolescent Brain Cognitive Development"" OR ""ABCD Study"")",psychologytoday.com,https://www.psychologytoday.com/ca/blog/counseling-keys/202412/the-developing-tech-brain,The Developing Tech Brain,"Screen media activity and brain structure in youth: Evidence for diverse structural correlation networks from the ABCD study. NeuroImage, 185, 140–153. More ...","Dec 12, 2024",2026-05-09T05:07:00.235006Z
,,serpapi_outlet_sweep,S-O,"site:psychologytoday.com (""Adolescent Brain Cognitive Development"" OR ""ABCD Study"")",psychologytoday.com,https://www.psychologytoday.com/us/blog/no-more-fomo/202507/is-social-media-making-teens-depressed,Is Social Media Making Teens Depressed?,Drawing on data from the Adolescent Brain Cognitive Development (ABCD) Study—one of the largest long-term studies of adolescent brain and mental health ...,"Jul 25, 2025",2026-05-09T05:07:00.235006Z
,,serpapi_outlet_sweep,S-O,"site:psychologytoday.com (""Adolescent Brain Cognitive Development"" OR ""ABCD Study"")",psychologytoday.com,https://www.psychologytoday.com/us/blog/the-future-brain/202312/ai-finds-potential-biomarker-for-adhd-from-brain-scans,AI Finds Potential Biomarker for ADHD from Brain Scans,The study used data from over 1700 individuals with and without ADHD in the database from the multi-institutional Adolescent Brain Cognitive Development Study.,"Dec 17, 2023",2026-05-09T05:07:00.235006Z
,,serpapi_outlet_sweep,S-O,"site:axios.com (""Adolescent Brain Cognitive Development"" OR ""ABCD Study"")",axios.com,https://www.axios.com/2025/12/01/smartphones-age-12-worse-health-study,Smartphones at age 12 linked to worse health,"Preteens who own smartphones are likelier to have depression, obesity and insufficient sleep than their peers.","Dec 1, 2025",2026-05-09T05:07:02.795172Z
,,serpapi_outlet_sweep,S-O,"site:businessinsider.com (""Adolescent Brain Cognitive Development"" OR ""ABCD Study"")",businessinsider.com,https://www.businessinsider.com/scientists-say-brain-scans-show-signs-of-adhd-in-children-2022-11,Brain Scans Reveal Unique Signs of ADHD in Children,"The study group ultimately included 7,805 patients who were 9 or 10 years old when they underwent brain scans for the Adolescent Brain Cognitive Development ...","Nov 23, 2022",2026-05-09T05:07:07.207302Z
,,serpapi_outlet_sweep,S-O,"site:businessinsider.com (""Adolescent Brain Cognitive Development"" OR ""ABCD Study"")",businessinsider.com,https://www.businessinsider.com/kids-sleep-needs-screen-time-exercise-schedule-2018-10,"How Much Time Kids Should Spend on Screens, Sleeping, ...","The authors of the new study used data from the ongoing ABCD Study, which is following more than 10,000 kids for 10 years to revolutionize our understanding of ...","Oct 2, 2018",2026-05-09T05:07:07.207302Z
,,serpapi_outlet_sweep,S-O,"site:businessinsider.com (""Adolescent Brain Cognitive Development"" OR ""ABCD Study"")",businessinsider.com,https://www.businessinsider.com/teen-brothers-moderna-vaccine-trial-kids-2021-3,Teen Brothers Describe Experience in Moderna's Vaccine ...,"For the past few years, they've participated in the Adolescent Brain Cognitive Development Study, the largest long-term study of brain development and child ...","Mar 19, 2021",2026-05-09T05:07:07.207302Z
,,serpapi_outlet_sweep,S-O,"site:pbs.org (""Adolescent Brain Cognitive Development"" OR ""ABCD Study"")",pbs.org,https://www.pbs.org/newshour/show/new-study-finds-link-between-pre-teen-use-of-social-media-and-depression,New study finds link between pre-teen use of social media ...,"So, yeah, the data comes from the Adolescent Brain Cognitive Development Study. It is a national study that follows these 12,000 kids from over 21 different ...","May 24, 2025",2026-05-09T05:07:08.527335Z
,,serpapi_outlet_sweep,S-O,"site:pbs.org (""Adolescent Brain Cognitive Development"" OR ""ABCD Study"")",pbs.org,https://www.pbs.org/video/brain-health-cfmAr2/,Second Opinion with Joan Lunden | Brain Health | Season 18,"You are one of the researchers at this ABCD Study, which I find so fascinating. See Adolescent Brain Cognitive Development Study. It's the largest brain ...",,2026-05-09T05:07:08.527335Z
,,serpapi_outlet_sweep,S-O,"site:pbs.org (""Adolescent Brain Cognitive Development"" OR ""ABCD Study"")",pbs.org,https://www.pbs.org/video/social-media-effect-on-children-okrvh7/,Adelante | Social Media Effect on Children,El ABCD es Adolescent Brain Cognitive Development. Está investigando muchas áreas del desarrollo de los niños y del desarrollo en el cerebro. Una de las ...,,2026-05-09T05:07:08.527335Z
,,serpapi_outlet_sweep,S-O,"site:pbs.org (""Adolescent Brain Cognitive Development"" OR ""ABCD Study"")",pbs.org,https://www.pbs.org/video/the-cannabis-question-82boad/,NOVA | The Cannabis Question | Season 48 | Episode 11,"... Adolescent Brain Cognitive Development Study. And would you say that's definitely a no, kind of no... NARRATOR: N.I.H.. researchers will evaluate the ...",,2026-05-09T05:07:08.527335Z
,,serpapi_outlet_sweep,S-O,"site:pbs.org (""Adolescent Brain Cognitive Development"" OR ""ABCD Study"")",pbs.org,https://www.pbs.org/video/understanding-todays-marijuana-part-two-exujgx/,Voices of Hope | Understanding Today's Marijuana: Part Two ...,"- What we're seeing, based on a lot of data, the ABCD study, the National Institute of Health, when they follow these babies that were exposed to cannabis ...",,2026-05-09T05:07:08.527335Z
,,serpapi_outlet_sweep,S-O,"site:statnews.com (""Adolescent Brain Cognitive Development"" OR ""ABCD Study"")",statnews.com,https://www.statnews.com/2023/02/01/brain-scans-reveal-disparate-impact-of-poverty-toxic-stress-on-black-children/,Brain MRIs reveal impact of 'toxic stress' on Black children,"The current study took advantage of the powerful Adolescent Brain Cognitive Development, or ABCD, study established and funded by the National Institutes of ...","Feb 1, 2023",2026-05-09T05:07:10.167510Z
,,serpapi_outlet_sweep,S-O,"site:statnews.com (""Adolescent Brain Cognitive Development"" OR ""ABCD Study"")",statnews.com,https://www.statnews.com/2026/04/20/health-news-how-weed-affects-adolescent-brains/,How weed affects adolescent brains - STAT News,"The research, published yesterday in Neuropsychopharmacology, used data from the NIH-supported Adolescent Brain Cognitive Development Study, following youth ...","Apr 20, 2026",2026-05-09T05:07:10.167510Z
,,serpapi_outlet_sweep,S-O,"site:statnews.com (""Adolescent Brain Cognitive Development"" OR ""ABCD Study"")",statnews.com,https://www.statnews.com/wp-content/uploads/2025/02/statmadness-25-6.pdf,Psilocybin desynchronizes the human brain,"The Adolescent Brain Cognitive Development (ABCD) study: imaging acquisition across 21 sites. Dev. Cogn. Neurosci. 32, 43–54 (2018). Article CAS PubMed ...",,2026-05-09T05:07:10.167510Z
,,serpapi_outlet_sweep,S-O,"site:statnews.com (""Adolescent Brain Cognitive Development"" OR ""ABCD Study"")",statnews.com,https://www.statnews.com/2020/10/29/a-macarthur-genius-will-likely-use-his-grant-to-support-his-wifes-work-in-the-name-of-science/,A MacArthur 'genius' will likely use his grant to ... - STAT News,"He's been instrumental in many large-scale data projects, including the ABCD Study — a National Institutes of Health-funded effort to collect and compare the ...","Oct 29, 2020",2026-05-09T05:07:10.167510Z
,,serpapi_outlet_sweep,S-O,"site:statnews.com (""Adolescent Brain Cognitive Development"" OR ""ABCD Study"")",statnews.com,https://www.statnews.com/2025/12/09/how-research-funding-cuts-impacted-trans-nonbinary-scientists/,"Trans, nonbinary researchers see more than funding threatened","This summer, Zubizarreta needed to retrieve data from the NIH's Adolescent Brain Cognitive Development Study, which included extensive information about ...","Dec 9, 2025",2026-05-09T05:07:10.167510Z
,,serpapi_outlet_sweep,S-O,"site:kffhealthnews.org (""Adolescent Brain Cognitive Development"" OR ""ABCD Study"")",kffhealthnews.org,https://kffhealthnews.org/morning-breakout/health-officials-confirm-wind-down-of-federal-hiv-meds-program/,Health Officials Confirm Wind-Down Of Federal HIV Meds ...,"... Adolescent Brain Cognitive Development Study, a large, long-term study of brain development and child health in the United States. A majority of the tweens ...","Jul 24, 2024",2026-05-09T05:07:11.913430Z
,,serpapi_outlet_sweep,S-O,"site:kffhealthnews.org (""Adolescent Brain Cognitive Development"" OR ""ABCD Study"")",kffhealthnews.org,https://kffhealthnews.org/morning-briefing/friday-october-3-2025/,"Friday, October 3, 2025 - KFF Health ...","Consider a 10-year national Adolescent Brain Cognitive Development (ABCD) Study, funded by the federal National Institutes of Health (NIH) and partners. My ...","Oct 3, 2025",2026-05-09T05:07:11.913430Z
