article_id,outlet,title,c1_decision,c2_decision,c1_paper_ids,c2_paper_ids,c1_test,c2_test,c1_conf,c2_conf,c1_reason_or_evidence,c2_reason_or_evidence,type,url
A0017,PsyPost,Excessive screen time linked to developmental and behavioral issues in U.S. children,INCLUDE,EXCLUDE,420,,L3,,0.65,0.0,"PsyPost 'Excessive screen time linked to developmental and behavioral issues in U.S. children' (Jan 30, 2024). 'Developmental and behavioral issues in U.S. children' + 'excessive screen time' is consistent with paper 420 (Paulich 2021 PLOS ONE, screen time and early adolescent mental health, academic, and social outcomes in 9-10 year-olds in ABCD). Provisional paper_id 190 (Sauce 2022, intelligence) is a plausible alternative. Confidence 0.65 (flagged for human review) because multiple corpus papers could produce this headline and the summary is absent.","insufficient evidence to link to specific corpus paper — title ('Excessive screen time linked to developmental and behavioral issues in U.S. children') is too generic to map uniquely to any corpus paper; provisional paper 190 (Sauce 2022 Scientific Reports) is about digital media and intelligence, not 'developmental and behavioral issues' broadly; published January 2024 making paper 190 (2022) a possible but uncertain fit; no distinctive paraphrase (L3) or other L1-L4 criterion clearly met",include_exclude_disagreement,https://www.psypost.org/excessive-screen-time-linked-to-developmental-and-behavioral-issues-in-u-s-children/
A0029,Medical Xpress,"Teens use cellphones for an hour a day at school, study finds",INCLUDE,EXCLUDE,154,,L4,,0.65,0.85,"Title 'Teens use cellphones for an hour a day at school, study finds' (pub. 01/10/2026) describes sensor-measured smartphone use in adolescents. Paper 154 (Alexander et al. 2025 Psychiatry Research) uses ABCD sensor-based smartphone data to measure daily app use and keyboard use. 'Cellphones + hour a day' + ABCD configuration uniquely consistent with the sensor-smartphone ABCD paper. Confidence <0.7 because no body text or DOI link available to confirm; flagged for human review.",ABCD coverage of out-of-corpus topic (in-school cellphone use frequency),include_exclude_disagreement,https://medicalxpress.com/news/2026-01-teens-cellphones-hour-day-school.html
A0073,Science News,"Social media is designed to be addictive, jury finds. Research links excessive use to mental harm",EXCLUDE,INCLUDE,,3,,L3,0.0,0.72,"general coverage — jury verdict on social media addiction design; article covers litigation outcome and general research landscape, not a specific corpus paper; no L1-L4 linkage identifiable from title/metadata alone","Title 'Social media is designed to be addictive, jury finds. Research links excessive use to mental harm' (Science News, March 26, 2026). This is an aggregator article about the Meta/YouTube legal case plus research evidence. The research link to 'excessive use → mental harm' most distinctively maps to paper 3 (Xiao et al., JAMA 2025 — addictive screen use trajectories and suicidal behaviors/mental health). Paper 86 (Nagata, AJPM 2026 — problematic screen use → mental health) is also a possible match. Confidence reduced to 0.72 because this appears to be a broad aggregator with multiple sources; without access to full text, it is uncertain which specific corpus papers are cited. Provisional list includes papers 3 and 86.",include_exclude_disagreement,https://www.sciencenews.org/article/social-media-addictive-meta-youtube
A0077,SciTechDaily,New Research Links Screen Time With Childhood Development Delays,EXCLUDE,INCLUDE,,97,,L3,0.0,0.65,non-ABCD cohort or out-of-corpus topic — article published December 2023 about 'childhood development delays' from screen time; provisional paper 84 (Shou 2026 Acta Psychologica) is a 2026 publication so cannot be covered by a 2023 article; no corpus paper with a 2023 publication matches screen time and childhood development delays in this configuration,"Title 'New Research Links Screen Time With Childhood Development Delays' published December 2023. Provisional paper 84 (Shou 2026) cannot match a Dec 2023 article. Paper 97 (Miller 2023 Cortex: 'Impact of digital screen media activity on functional brain organization in late childhood') is a 2023 ABCD study linking screen time to brain/cognitive development outcomes, which could be paraphrased as 'development delays.' Match is uncertain without article body text; confidence below threshold, flagged for human review.",include_exclude_disagreement,https://scitechdaily.com/new-research-links-screen-time-with-childhood-development-delays/
A0080,SciTechDaily,Unlocking Parental Powers in the Digital Battle With Tweens,EXCLUDE,INCLUDE,,184,,L3,0.0,0.75,"out-of-corpus topic — article published June 5, 2024 about 'parental powers in digital battle with tweens'; provisional papers 184 (Nagata 2025 Pediatric Research) and 215 (Al-shoaibi 2025 Childhood Obesity) are 2025 publications and cannot be covered by a June 2024 article; paper 177 (Kiss 2023 Health Psychology — COVID pandemic screen time and sleep) does not match the parenting theme; no corpus paper uniquely maps to this topic at this date","Title 'Unlocking Parental Powers in the Digital Battle With Tweens' published June 2024 suggests parenting practices and adolescent screen use, closely matching paper 184 (Nagata 2025 Pediatric Research: 'Associations between media parenting practices and early adolescent screen use'). Topic of parental media strategies + tweens/early adolescents maps to paper 184. Confidence is moderate (0.75) because the paper was published 2025 and article appeared June 2024, suggesting possible pre-publication or preprint coverage; body text unavailable for confirmation.",include_exclude_disagreement,https://scitechdaily.com/unlocking-parental-powers-in-the-digital-battle-with-tweens/
A0234,psychologytoday.com,When 'Just One More Scroll' Turns Dangerous,EXCLUDE,INCLUDE,,3,,L4,0.0,0.65,no body text available; summary too vague to satisfy L1-L4; cannot identify specific corpus paper,"Summary states 'They used the same data set as our last blog post, the Adolescent Brain Cognitive Development (ABCD) Study' and title 'When Just One More Scroll Turns Dangerous' references addictive scrolling/social media behavior leading to danger. Published Nov 2025, consistent with paper 3 (Xiao 2025, JAMA) which reports addictive screen use trajectories (SMAQ/MPIQ) predicting suicidal behaviors in ABCD. L4: ABCD Study + addictive scroll/SM use + harm outcome in configuration consistent with paper 3. Confidence flagged for human review (no body text).",include_exclude_disagreement,https://www.psychologytoday.com/us/blog/no-more-fomo/202511/when-just-one-more-scroll-turns-dangerous
A0367,Public Health Communication Centre,Evidence supports the need to protect adolescents from social media harms,INCLUDE,EXCLUDE,8,,L3,,0.72,0.35,"Title: 'Evidence supports the need to protect adolescents from social media harms.' Public Health Communication Centre NZ, July 25, 2025. Aggregator/policy brief published two months after paper 8 (Nagata 2025, JAMA Network Open: social media and depressive symptoms in early adolescents). The title's framing — protecting adolescents from social media harms — is consistent with paper 8's finding that increased social media predicts rising depressive symptoms. No summary text available to confirm direct citation; confidence is moderate (0.72) pending content verification. If the article cites paper 8 by name or paraphrases its ABCD-specific finding, L3 is met; if it is a general policy piece citing no specific paper, it should be excluded as general social media harms coverage. Flagged for human review.",general social media harms advocacy piece — title suggests aggregator policy brief citing multiple studies; no body text available to confirm L1–L4 linkage to paper 8 or any specific corpus paper,include_exclude_disagreement,https://www.phcc.org.nz/briefing/evidence-supports-need-protect-adolescents-social-media-harms
A0389,HCPLive,Study Shows a Correlation Between Social Media Use and Irritability,EXCLUDE,INCLUDE,,381,,L3,0.65,0.82,insufficient evidence — social media + irritability topic does not map to provisional paper 8 (depressive symptoms); paper 381 (Zhang 2026 irritability) post-dates this article; no corpus paper confirmed,"Title 'Study Shows a Correlation Between Social Media Use and Irritability' (HCPLive, Jan 2025) maps to paper 381 (Zhang 2026, Journal of Child and Adolescent Psychopharmacology, 'Bidirectional Associations Between Screen Time and Irritability in Preadolescence: A Temporal Network Analysis'). L3: social media use + irritability + bidirectional association (ABCD temporal network) uniquely maps to paper 381. The provisional paper 8 (Nagata SM→depression) does not cover irritability. Paper 381 is Zhang/Oxford/temporal network, published 2026 with Jan 2025 possibly representing early online publication.",include_exclude_disagreement,https://www.hcplive.com/view/study-shows-a-correlation-between-social-media-use-irritability
A0460,Movieguide,This New Study Gives Yet Another Reason to Keep Your Kids From Screens,INCLUDE,EXCLUDE,49,,L4,,0.65,0.0,"Title: 'This New Study Gives Yet Another Reason to Keep Your Kids From Screens.' Published March 10, 2025. Provisional paper 49. Generic title does not name any specific finding, author, journal, or institution. The provisional tag to paper 49 (Nagata 2025, screen time → manic symptoms) is plausible given the March 2025 date (within weeks of paper 49's publication period) and the Movieguide outlet's prior batch-18 coverage of paper 49 (see A0459). However, the generic framing could apply to any recent ABCD screen time paper. Confidence 0.65 (uncertain; flagged for human review). Provisionally mapped to paper 49 as most likely candidate given outlet context and timing.",insufficient evidence for L1-L4,include_exclude_disagreement,https://www.movieguide.org/news-articles/this-new-study-gives-yet-another-reason-to-keep-your-kids-from-screens.html
A0489,mghpsychnews.org,Does Excessive Screen Time Contribute to Cognitive Deficits in Adolescents?,EXCLUDE,INCLUDE,,190,,L3,0.0,0.65,"insufficient evidence to link to specific corpus paper: published Oct 2022, general topic of screen time and cognitive deficits without body text or author/journal identifying information; multiple corpus papers could be candidates but none confirmed","Title 'Does Excessive Screen Time Contribute to Cognitive Deficits in Adolescents?' (mghpsychnews.org, 10/17/2022) is consistent with paper 190 (Sauce 2022, Scientific Reports): 'The impact of digital media on children's intelligence while controlling for genetic differences in cognition and socioeconomic background.' Both address screen time/digital media and cognitive outcomes in children/adolescents, published in 2022. L3: excessive screen time + cognitive deficits + children/adolescents configuration consistent with paper 190. Provisional paper 84 (Shou 2026) is from 2026 and predates this 2022 article. Confidence 0.65 because article body is not visible; could also map to paper 295 (Kirlic 2021) or paper 84 if it discusses multiple studies.",include_exclude_disagreement,https://mghpsychnews.org/excessive-screen-time-and-cognitive-deficits/
A0509,Science News Explores,Got brain rot?,INCLUDE,EXCLUDE,"192,435,86,95",,multi,,0.72,0.0,"Science News Explores 'Got brain rot?' (Mar 2026) URL slug 'brain-rot-social-media-teen-health' and provisional IDs (190, 192, 435, 436, 86, 95) indicate an aggregator piece on brain/cognitive harm from social media. L3 coverage likely for: paper 192 (Nivins 2024, Scientific Reports, long-term impact of digital media on brain development in ABCD children); papers 435/436 (Nivins 2025, Pediatrics Open Science, digital media genetics and ADHD in ABCD); paper 86 (Nagata 2026, Am J Prev Med, problematic screen/SM use and mental health/sleep/substance use prospectively in ABCD); paper 95 (He 2025, Computers in Human Behavior, social media addiction and reward-circuit loss sensitivity in ABCD). Paper 190 (Sauce 2022, Scientific Reports) is older and less likely to be the focus of a Mar 2026 piece, though possible as background citation. Confidence moderate (0.72) because no article body text is available to confirm specific paraphrases; multi-paper aggregator assessment based on provisional IDs and publication date alignment.",no summary or body text available; provisional IDs suggest possible linkage but cannot confirm L1-L4 for any specific corpus paper without body text; confidence below threshold,include_exclude_disagreement,https://www.snexplores.org/article/brain-rot-social-media-teen-health
A0528,Android Police,Study shows smartphones for kids under 13 could carry health risks,INCLUDE,EXCLUDE,431,,L3,,0.85,0.0,"Title 'Study shows smartphones for kids under 13 could carry health risks' published December 2025 maps to paper 431 (Barzilay 2026 Pediatrics: 'Smartphone Ownership, Age of Smartphone Acquisition, and Health Outcomes in Early Adolescence'). The paraphrase of smartphones + children under 13 + health risks is distinctively consistent with paper 431's finding that earlier smartphone acquisition is associated with depression, obesity, and sleep problems. Provisional paper 95 is not relevant. L3 satisfied: smartphone ownership/acquisition age + health outcomes + adolescent ABCD cohort. No article body available to confirm L2.","general ABCD coverage, no specific paper from corpus identifiable from title alone; 'smartphones for kids under 13 could carry health risks' is too broad to satisfy L3/L4 for any single corpus paper without article body",include_exclude_disagreement,https://www.androidpolice.com/study-shows-smartphones-for-kids-under-13-could-carry-health-risks/
A0549,respiratory-therapy.com,Youth Mental Health During the Pandemic,EXCLUDE,INCLUDE,,177,,L3,0.0,0.65,"General COVID/pandemic mental health overview — respiratory-therapy.com 'Youth Mental Health During the Pandemic' (May 2024) is a general overview of pandemic youth mental health factors. Provisional paper 177 (Kiss 2023, Health Psychology: COVID-19 effects on screen time and sleep in ABCD adolescents) is a specific longitudinal ABCD paper on social media and sleep changes during COVID. Without article body there is no evidence this respiratory-therapy.com summary specifically paraphrases paper 177's distinctive findings (social media use + sleep outcomes + ABCD longitudinal design + specific chi-square estimates). General pandemic mental health articles typically do not cite this specific paper with L3/L4 specificity.","Title 'Youth Mental Health During the Pandemic' (May 2024, respiratory-therapy.com) may cover paper 177 (Kiss et al. 2023 Health Psychology: 'Effects of the COVID-19 pandemic on screen time and sleep in early adolescents'). The finding — pandemic effects on youth mental health via screen time and sleep changes — uniquely maps to paper 177 given ABCD + COVID + screen time + mental health configuration. However, confidence is below 0.7 because article body is unavailable and the title is generic enough that it could refer to non-corpus pandemic mental health research. Flagged for human review.",include_exclude_disagreement,https://respiratory-therapy.com/disorders-diseases/infectious-diseases/coronavirus/these-factors-improved-youth-mental-health-during-covid-19-pandemic/
A0672,koreabiomed.com,[Column] Smartphones and children’s brain health,EXCLUDE,INCLUDE,,192,,L4,0.55,0.7,"insufficient evidence to confirm L1-L4 without article body; title is thematically related but no author, journal, DOI, or distinctive finding from papers 192 or 435 can be confirmed from available metadata alone","koreabiomed.com column titled 'Smartphones and children’s brain health' (Dec 2025) aligns topically with paper 192 (Nivins et al. 2024 Scientific Reports, 'Long-term impact of digital media on brain development in children' from ABCD Study). The combination of topic (smartphones/digital media) + outcome (brain health/development) + child population is consistent with paper 192's ABCD-based findings on digital media and brain structure. Paper 435 (Nivins 2025 Pediatrics Open Science on digital media and ADHD) is also possible but less directly matched by the 'brain health' framing. No summary text available to confirm L3; L4 institution/topic/ABCD configuration cannot be fully confirmed without article body. Confidence capped at 0.7 pending body review.",include_exclude_disagreement,https://www.koreabiomed.com/news/articleView.html?idxno=29871
A0699,usatoday.com,"Screen time among teens doubles during pandemic, study ...",EXCLUDE,INCLUDE,,177,,L3,0.0,0.75,"general ABCD coverage — COVID-19 pandemic screen time doubling in teens, does not link to a specific corpus paper","USA Today (Nov 2021) 'Screen time among teens doubles during pandemic, study finds.' Summary: ABCD Study data, pandemic, screen time increases. Paper 177 (Kiss 2023 Health Psychology, 'Effects of the COVID-19 pandemic on screen time and sleep in early adolescents') uses ABCD COVID-19 survey data and reports pandemic-associated increases in screen time (including social media). L3: ABCD Study + pandemic + screen time doubling → paper 177. Note: publication date discrepancy (article Nov 2021, paper published 2023) may indicate early preprint or advance online coverage; confidence moderate.",include_exclude_disagreement,https://www.usatoday.com/story/news/health/2021/11/01/covid-screen-time-among-teens-doubles-during-pandemic-study-finds/6230769001/
A0709,sciencealert.com,Playing Video Games Has an Unexpected Effect on Kids' ...,INCLUDE,EXCLUDE,190,,L3,,0.72,0.0,"ScienceAlert Jan 2026 article 'Playing Video Games Has an Unexpected Effect on Kids IQ' — reports 9,855 ABCD kids ages 9-10, screen time and IQ outcomes. Sauce et al. 2022 Scientific Reports (paper 190) used ABCD n~9,855 baseline, examined digital media categories (video games, TV, socializing) and intelligence. Three of six L3 markers present: sample size (9,855), cognitive/IQ outcome, ABCD cohort. The article's 'unexpected effect' framing matches Sauce 2022's finding that video games predicted IQ gains while socializing predicted decline. Confidence moderate given snippet only.","ABCD coverage of out-of-corpus topic — video games and IQ (9,855 kids); not a phone/SM-specific finding.",include_exclude_disagreement,https://www.sciencealert.com/playing-video-games-has-an-unexpected-effect-on-kids-iq-study-says
A0202,Medscape,Sleep and Social Media Impact Youth Brain Development,INCLUDE,INCLUDE,177,314,L3,L3,0.65,0.72,Medscape 'Sleep and Social Media Impact Youth Brain Development' (June 2024) with snippet noting shorter sleep duration correlated in ABCD sample. Provisional IDs include paper 177 (Kiss 2023 Health Psychology — COVID pandemic effects on screen time and sleep in ABCD) and paper 314 (Kiss 2026 Journal of Sleep Research — neural sensitivity to SM and sleep; too late for June 2024 publication). Paper 177 is the most plausible match given date alignment. Confidence < 0.7 due to lack of body text; flagged for human review.,"Title 'Sleep and Social Media Impact Youth Brain Development' with summary referencing ABCD study and 'shorter sleep duration correlated' maps to paper 314 (Kiss 2026 Journal of Sleep Research — neural sensitivity to social media use predicting sleep duration in adolescents). Published June 2024, consistent with coverage of ABCD research linking social media to sleep and brain. Paper 13 (Lima Santos 2025 JAMA Pediatrics — screen time → depression mediated by sleep/white matter) is a secondary possibility but its 2025 publication makes 2024 coverage less likely. Confidence reduced due to absence of full article text.",paper_id_disjoint,https://www.medscape.com/viewarticle/sleep-and-social-media-impact-youth-brain-development-2024a1000ag1
A0527,PhillyVoice,Social media use hurts preteens' development of reading and memory skills,INCLUDE,INCLUDE,144,310,L3,L3,0.85,0.75,"Title 'Social media use hurts preteens' development of reading and memory skills' published October 14 2025 maps strongly to paper 144 (Nagata 2026, Lancet Regional Health - Americas: 'Associations of adolescent social media use trajectories with spatial and verbal memory'). The paraphrase of social media -> reading and memory in preteens/early adolescents is distinctively consistent with paper 144's finding of high-increasing SM trajectory predicting lower verbal memory (RAVLT, LMT). Provisional paper 95 (reward circuit paper) is not relevant. Published date Oct 2025 aligns with a pre-publication/online-first appearance of paper 144 (2026 journal year). L3 satisfied: SM use + memory outcome + adolescent ABCD sample. No article body to confirm author/journal (L2 not confirmed).","Title 'Social media use hurts preteens' development of reading and memory skills' paraphrases a finding consistent with paper 310 (Carvalho & Ravindran 2025, Journal of Research on Adolescence: 'Associations between social media and crystallized and fluid performance trajectories') — crystallized performance includes reading/verbal skills in early adolescence. Published Oct 14, 2025 consistent with a 2025 paper. Provisional paper 95 (reward circuit) is not consistent with the article title. Confidence moderate because article body unavailable to confirm author/journal naming.",paper_id_disjoint,https://www.phillyvoice.com/social-media-children-reading-memory/
A0529,Health and Me,Should Parents Limit Social Media For Teens? New Study Shows It Is Lowering Their Memory Score,INCLUDE,INCLUDE,144,310,L3,L3,0.88,0.75,"Title 'Should Parents Limit Social Media For Teens? New Study Shows It Is Lowering Their Memory Score' published October 14 2025 aligns with paper 144 (Nagata 2026, Lancet Regional Health - Americas: SM trajectories and spatial/verbal memory). The paraphrase of social media lowering memory scores in teens is distinctively consistent with paper 144's finding (e.g., high-increasing SM trajectory B=-1.90 for RAVLT). Published same day as A0527 (Oct 14, 2025), suggesting both are covering the same paper 144 release. Provisional paper 95 (reward circuit) is not relevant. L3 satisfied: SM use + memory scores + adolescent ABCD sample.","Title 'Should Parents Limit Social Media For Teens? New Study Shows It Is Lowering Their Memory Score' paraphrases a cognitive decline finding linked to social media. Published Oct 14, 2025 (same day as A0527), consistent with paper 310 (Carvalho & Ravindran 2025, JRA: social media and crystallized/fluid performance trajectories, which includes memory-related tasks) or paper 144 (Nagata 2026 Lancet Regional Health — Americas, spatial and verbal memory — but 2026 makes Oct 2025 coverage unlikely). Paper 310 (2025, UGA) is the best match for Oct 2025 coverage of social media and memory/cognitive outcomes.",paper_id_disjoint,https://www.healthandme.com/parenting/should-parents-limit-social-media-for-teens-new-study-shows-it-is-lowering-their-memory-score-article-153000534
