paper_id,title,year,doi,C1_decision,C1_EC_code,C1_reason
1,Social Media Use Trajectories and Cognitive Performance in Adolescents.,2025,10.1001/jama.2025.16613,INCLUDE,,"Step 1 hit: 'Social media time (hours per day)' is explicitly the IV in all regression analyses, paired with individual-trait cognitive outcomes (NIH Toolbox Cognition Battery subtests and composite). Numeric estimates reported in Table: e.g., high increasing vs."
2,Smartphone Use During School Hours by US Youth in the Adolescent Brain Cognitive Development Study.,2026,10.1001/jama.2025.23235,EXCLUDE,FT-EC2,"Step 1: The PDF provided is the supplementary-only document; no main article body is present. The supplement reports only adjusted means of smartphone app-category use (social, communication, games, etc.) broken down by demographic subgroups (sex, race/ethnicity)."
3,"Addictive Screen Use Trajectories and Suicidal Behaviors, Suicidal Ideation, and Mental Health in US Youths.",2025,10.1001/jama.2025.7829,INCLUDE,,"Step 1 hit: SMAQ (Social Media Addiction Questionnaire) and MPIQ (Mobile Phone Involvement Questionnaire) are qualifying SM/phone-specific variables used as exposures (IVs). Addictive use trajectories of social media and mobile phones predict suicidal behaviors (e.g., increasing SMAQ trajectory: RR=2.14, 95% CI 1.61-2.85), suicidal ideation (RR=1.46), and CBCL internalizing/externalizing symptoms..."
4,Association of Video Gaming With Cognitive Performance Among Children.,2022,10.1001/jamanetworkopen.2022.35721,EXCLUDE,FT-EC2,"Step 1: The only gaming variable is total video gaming hours per week derived from the item 'Play video games on a computer, console, phone, or other devices' -- an unspecified-platform aggregate (computer + console + phone + other). No separate phone-based gaming coefficient exists anywhere in the paper. Step 2 not reached."
5,Association of Physical Activity and Screen Time With Body Mass Index Among US Adolescents.,2023,10.1001/jamanetworkopen.2022.55466,EXCLUDE,FT-EC2,"Step 1: No phone/SM-specific numeric estimate found anywhere in the paper. The exposure variable 'total recreational screen time' is a composite sum calculated across all screen activities: television shows and movies, videos, video games (single player and multiplayer), texting, social media, and video chat. Only the aggregate composite is analyzed;"
7,Shared Genetic Risk in the Association of Screen Time With Psychiatric Problems in Children.,2023,10.1001/jamanetworkopen.2023.41502,EXCLUDE,FT-EC2,Step 1: No phone/SM-specific estimate found. The primary exposure is total child-reported daily screen time from a 14-question Screen Time Questionnaire. No separate phone/SM-only coefficient is reported anywhere in the main paper.
8,Social Media Use and Depressive Symptoms During Early Adolescence.,2025,10.1001/jamanetworkopen.2025.11704,INCLUDE,,"Step 1 hit: time spent on social media (IV) paired with depressive symptoms/CBCL score (individual-trait DV). Cross-lagged path: social media use Y1 -> depressive symptoms Y2, β=0.07 (95% CI 0.01-0.12, p=.01); Y2->Y3, β=0.09 (95% CI 0.04-0.14, p<.001). Reverse path (depression->SM) also modeled, yielding β=0.00 at both intervals. Both sides qualify: time on SM is a phone/SM variable;"
10,Psychopathology and Gaming Disorder in Adolescents.,2025,10.1001/jamanetworkopen.2025.28532,EXCLUDE,FT-EC2,"Step 1: No phone/SM-specific estimate found anywhere in the paper. The sole screen-related variable is gaming disorder measured via the Video Game Addiction Questionnaire (VGAQ), plus minutes gaming per week (Table 2). VGAQ is a generic video-game variable with no explicit mobile/phone modality specified."
11,Modifiable Parental Factors and Adolescent Sleep During Early Adolescence.,2025,10.1001/jamanetworkopen.2025.31333,EXCLUDE,FT-EC2,"Step 1: Screen use (assessed as total daily screen time hours via Youth Screen Time Survey at wave 2) appears exclusively as a mediator in mediation analyses -- e.g., parental monitoring -> screen use -> sleep quality (indirect beta = 0.004); family conflict -> screen use -> sleep chronotype (indirect beta = 0.01). Screen use is never the IV or DV of a primary analysis;"
12,Screen Time Use Among US Adolescents During the COVID-19 Pandemic: Findings From the Adolescent Brain Cognitive Development (ABCD) Study.,2022,10.1001/jamapediatrics.2021.4334,EXCLUDE,FT-EC2,"Step 1: Table 2 reports regression coefficients for mental health, perceived stress, social support, and coping behaviors predicting TOTAL screen time. No per-modality regression coefficients for phone/SM-specific variables (texting, social media, video chatting) against any individual-trait outcome are found anywhere in the paper."
13,Role of Sleep and White Matter in the Link Between Screen Time and Depression in Childhood and Early Adolescence,2025,10.1001/jamapediatrics.2025.1718,INCLUDE,,"Lima Santos 2025 JAMA Pediatrics -- prospective ABCD analysis (n=976, ages 9-10 -> 11-13) of screen time -> depressive symptoms, mediated by sleep duration and cingulum bundle white matter (NODDI/ODI). Headline analyses use total daily screen time composite (β=0.12 for depression). BUT methods (p.4) explicitly define exploratory subcategories: 'passive entertainment (watching TV, watching videos), active entertainment (playing videogames), and communication (texting, using social media, videochatting).' The communication subcategory is exclusively phone/SM/digital-socializing items (Step 2 hit)."
18,"Causal Relationships Between Screen Use, Reading, and Brain Development in Early Adolescents.",2024,10.1002/advs.202307540,INCLUDE,,"Step 1 hit: SNS (visiting social networking sites) and Text (texting on a cell phone, tablet, or computer) and VC (video chatting) are separately measured phone/SM-specific variables with their own coefficients. Figure 2 and Table S1 report β coefficients for SNS predicting picture vocabulary (β=-4.28 and -1.31 at two timepoints), rule-breaking behavior (β=0.73 and 0.42), and aggressive behavior."
24,Contemporary screen time modalities among children 9-10 years old and binge-eating disorder at one-year follow-up: A prospective cohort study.,2021,10.1002/eat.23489,INCLUDE,,"Step 1 hit: Table 2 reports per-modality adjusted ORs against binge-eating disorder: social networking aOR 1.62 (95% CI 1.18-2.22, p=.003); texting aOR 1.40 (95% CI 1.08-1.82, p=.011); video chat aOR 1.32 (95% CI 0.99-1.76, p=.057). Social networking and texting are phone/SM-specific variables; binge-eating disorder is a clinical/health individual-trait outcome. Step 1 satisfied; stop."
26,Cyberbullying and eating disorder symptoms in US early adolescents,,10.1002/eat.24034,EXCLUDE,FT-EC2,"Step 1: The only exposure variables are cyberbullying victimization and cyberbullying perpetration (assessed via online/texts/social media items). No separate numeric estimate for any qualifying phone/SM variable (time on phone, time on SM, named platform, texting, app use, etc.) appears anywhere in the paper including Table 2 or supplementary materials."
27,Prospective association of screen time with binge-eating disorder among adolescents in the United States: The mediating role of depression,2024,10.1002/eat.24169,EXCLUDE,FT-EC2,"Al-shoaibi 2024 Int J Eat Disord -- prospective ABCD analysis of average daily screen time -> BED with depression as mediator (n=9,465). Only ONE screen variable analyzed: total daily screen time (weighted weekday/weekend average summed across 6 modalities: TV/movies, YouTube, video games, texting, video chatting, social media). Reported as continuous hours/day, single OR=1.09 (95% CI 1.03-1.14) for BED. NO per-modality breakout anywhere in main, supplementary, or sensitivity analyses."
30,Adverse childhood experiences and early adolescent cyberbullying in the United States.,2023,10.1002/jad.12124,EXCLUDE,FT-EC2,"Step 1: All numeric estimates in Tables 2 and 3 pair ACE scores/types with cyberbullying victimization. No phone/SM-specific variable (texting time, social media time, SMAQ, MPIQ, etc.) appears as IV or DV with its own coefficient anywhere in the paper, including supplementary tables. Step 2 not reached."
31,"Associations of Sleep, Screen Time, and Extracurricular Activities With Cognitive Development: A Longitudinal Study.",2026,10.1002/jad.70069,INCLUDE,,"Step 1 hit: Social media is analyzed as a separate predictor with its own coefficient in Tables 3 and 4. E.g., Table 3: social media -> inhibitory control and attention (B = -0.50, SE = 0.21, p = 0.017, pFDR = 0.026*); social media -> information processing speed (B = -0.99, SE = 0.41, p = 0.015, pFDR = 0.039*);"
35,Concurrent and prospective associations of social media usage with binge eating symptoms in early adolescence.,2025,10.1002/oby.24199,INCLUDE,,Step 1 hit: Tables 2 and 3 report PR and RR for SMA (social media addiction scale adapted from Bergen Facebook Addiction Scale) predicting binge eating (BE) symptoms: Wave 1 addiction group PR=2.17 (95% CI: 1.22-3.84) in Table 2; longitudinal RR=1.90 (95% CI: 1.10-3.27) in Table 3. SMA is a qualifying problematic/addictive SM scale (Bergen-derived).
36,Associations of Screen Time and Physical Activity With Body Mass Index in Early Adolescence: A Prospective Cohort Study.,2026,10.1002/oby.70181,EXCLUDE,FT-EC2,"Step 1: Searched all results tables (Table 2, Figure 1) and methods. The sole exposure variable is ""total recreational screen time"" from the ABCD Youth Screen Time Survey, described in methods as: ""watching television and videos, playing video games, texting, social media, video chat"" -- a composite summed across modalities."
48,"Childhood internalizing, externalizing and attention symptoms predict changes in social and nonsocial screen time.",2024,10.1007/s00127-024-02669-3,INCLUDE,,"Step 1 hit: social screen time composite = texting + social media + video chatting (exclusively phone/SM/digital-socializing items). Results report OR estimates for social screen time as DV (e.g., internalizing clinical symptoms predicting weekday social screen time OR=0.92;"
49,Screen time and manic symptoms in early adolescents: prospective findings from the Adolescent Brain Cognitive Development Study.,2025,10.1007/s00127-025-02814-6,INCLUDE,,"Step 1 hit: social media screen time (Year 1) as IV paired with manic symptoms (Year 3, 7 Up Mania scale) as individual-trait DV. Adjusted coefficient B=0.20 (95% CI 0.09, 0.32, p=0.001) in Table 2. Texting screen time also qualifies: B=0.18 (95% CI 0.08, 0.28, p<0.001). Both sides qualify: time on social media/texting are phone/SM-specific variables;"
50,Online social activity time predicts ADHD problems in youth from late childhood to early adolescence in the ABCD study.,2025,10.1007/s00787-024-02620-6,INCLUDE,,"Step 1 hit: OSA (online social activity) time is constructed exclusively from ""texting"" + ""visiting social networking sites"" + ""video chatting"" -- all qualifying SM/phone items. Numeric cross-lagged path estimates reported: OSA time (T2->T3) -> ADHD problems beta = 0.058* (Fig. 1); OSA time (T3->T4) -> ADHD problems beta = 0.074** (Fig. 1);"
55,Differential Relationships of Child Anxiety and Depression to Child Report and Parent Report of Electronic Media Use.,2019,10.1007/s10578-019-00892-7,INCLUDE,,"Step 1 hit: Tables 3, 4, and 5 report separate numeric coefficients (β, t-values, 95% CIs) for phone/SM-specific variables -- texting (β=0.081, t=3.418, p=0.001 in boys; Table 3), social networks (β=0.061, t=2.574, p=0.010 in boys), and video chatting (β=0.069, t=3.131, p=0.002 in boys) -- each paired with anxiety (individual-trait outcome)."
57,Unpacking Associations between Mood Symptoms and Screen Time in Preadolescents: a Network Analysis,2020,10.1007/s10802-020-00703-x,INCLUDE,,"Step 1 hit: Network analysis explicitly includes social media (""SocMed"" = visiting social network sites) and texting (""Text"") and video chatting (""VidChat"") as separate nodes alongside mood symptom nodes (irritability, depressive mood, anhedonia, anger, elevated mood, decreased need for sleep)."
59,"The association between adverse childhood experiences (ACEs), bullying victimization, and internalizing and externalizing problems among early adolescents ...",,10.1007/s10964-023-01907-2,EXCLUDE,FT-EC2,"Step 1: The paper examines ACEs and bullying victimization (composite combining cyberbullying + overt + relational + reputational bullying) as predictors of internalizing/externalizing problems. No separate numeric estimate for any qualifying phone/SM-specific variable (time on phone, time on SM, named platform, texting, etc.) appears anywhere in the paper including Tables 2-3 or Supplementary..."
67,Prospective associations between media parenting practices and adolescent video game use.,2026,10.1007/s12519-025-01009-y,EXCLUDE,FT-EC2,"Step 1: Searched all results (Table 2, sex-stratified supplementary analyses). Exposures are six media parenting practice scales (screen time modeling, mealtime screen use, bedroom screen use, use of screens to control behavior, parental monitoring, limiting screen time)."
70,"Screen time, problematic screen use, and eating disorder symptoms among early adolescents: findings from the Adolescent Brain Cognitive Development (ABCD) Study.",2024,10.1007/s40519-024-01685-1,INCLUDE,,"Step 1 hit: Table 2 reports OR for ""social media use"" (hours/day, a named phone/SM-specific variable) predicting eating disorder symptoms (fear of obesity OR=1.55, binge eating OR=1.28, etc.); Table 3 reports ORs for SMAQ (problematic social media use) and MPIQ (problematic mobile phone use) predicting eating disorder symptoms."
75,Parent-Adolescent Discrepancies in Adolescent Recreational Screen Time Reporting During the Coronavirus Disease 2019 Pandemic.,2022,10.1016/j.acap.2021.12.008,EXCLUDE,FT-EC2,"Step 1: Table 4 reports regression coefficients (B) for sociodemographic predictors (age, sex, race/ethnicity, country of birth, primary language, parent marital status, parent education, household income) predicting parent-adolescent discrepancy scores in total recreational screen time, multiplayer gaming, texting, social media, and video chatting."
76,Social Epidemiology of Early Adolescent Cyberbullying in the United States.,2022,10.1016/j.acap.2022.07.003,EXCLUDE,FT-EC2,"SM hours/day, texting hrs/day, and video chat hrs/day are paired only with cyberbullying victimization/perpetration. Cyberbullying is itself a phone/SM-mediated phenomenon (you cannot be cyberbullied without being on a phone/SM) -- it belongs in the same category as SMAQ/MPIQ per binding clarification 1. The Table 3 analysis is one phone/SM exposure variable predicting another phone/SM-mediated event, not an SM->external-trait association. Table 2 pairs cyberbullying with demographics-only. No qualifying phone/SM->individual-trait analysis exists anywhere in the paper."
77,"Associations Between Adverse Childhood Experiences, Adolescent Screen Time and Physical Activity During the COVID-19 Pandemic.",2022,10.1016/j.acap.2022.07.007,EXCLUDE,FT-EC2,"Step 1: No phone/SM-specific estimate with its own coefficient exists anywhere in the paper. The screen time outcome is a summed total of 7 modalities: 'multiple-player gaming, single-player gaming, texting, social media, video chatting, browsing the internet, and watching or streaming movies, videos, or television shows' (p.1295). All analyses use this aggregated total;"
78,Cyberbullying and Sleep Disturbance Among Early Adolescents in the U.S.,2023,10.1016/j.acap.2022.12.007,EXCLUDE,FT-EC2,"Step 1: All main inferential analyses (Table 3, Models 1-3) pair cyberbullying victimization/perpetration (IV) with sleep outcomes (DV). Total recreational screen time appears only as a covariate in Model 3, not as an IV or DV with its own primary analysis. No phone/SM-specific variable appears as IV or DV with its own coefficient anywhere."
79,The Association between Family Environment and Subsequent Risk of Cyberbullying Victimization in Adolescents.,2024,10.1016/j.acap.2023.11.019,EXCLUDE,FT-EC2,"Step 1: No phone/SM-specific variable has its own coefficient anywhere in the paper. The sole outcome is cyberbullying victimization (a yes/no past-12-month measure). Per binding clarification, cyberbullying alone fails IC2. The IVs are parental monitoring score and family conflict score - neither is a qualifying SM/phone variable. Step 2: No composite SM variable analyzed."
80,Associations of Contemporary Screen Time Modalities With Early Adolescent Nutrition.,2024,10.1016/j.acap.2024.01.023,INCLUDE,,"Step 1 hit: Table 2 reports separate regression coefficients for texting (B=-0.15, 95%CI:-0.24,-0.05, p=.01) and social media (B=-0.16, 95%CI:-0.28,-0.05, p=.01) at Year 1, each paired with MIND diet nutrition sum score (a physical/dietary health outcome = individual-trait). Phone/SM-specific labels with own numeric estimates found in main results table."
81,Cyberbullying Victimization Among Transgender and Gender-Questioning Early Adolescents.,2025,10.1016/j.acap.2024.102624,EXCLUDE,FT-EC2,"The exposure variable is transgender/gender-questioning identity and the outcome is lifetime cyberbullying victimization. Neither is a qualifying phone/SM variable. Step 1: no numeric estimate in any results location (main tables, supplementary appendices A-B) where a phone/SM-specific variable label (time on social media, time on phone, texting, SM platform, SMAQ, MPIQ, etc.) appears as IV or DV..."
82,Prevalence and Patterns of Social Media Use in Early Adolescents.,2025,10.1016/j.acap.2025.102784,EXCLUDE,FT-EC2,"Step 1: Phone/SM-specific variables are present (time on named platforms TikTok/Instagram/Snapchat/YouTube, total social media time h/d, SMAQ score, number of accounts, secret account status), but every analysis pairs these SM variables against demographic-only variables (sex: male vs female; age group: under 13 vs 13+)."
83,Neighborhood Quality and Screen Use: Findings From the Adolescent Brain Cognitive Development Study,2026,10.1016/j.acap.2025.103164,EXCLUDE,FT-EC2,"Step 1: Numeric estimates (adjusted B) are reported for neighborhood quality indices (COI, SVI, ADI) predicting screen time modalities including digital socializing (texting, video chatting, social media)."
84,The association between screen time and cognitive function in children: The partially mediating role of putamen volume.,2026,10.1016/j.actpsy.2026.106742,INCLUDE,,"Step 1: Supplementary Table S1 (referenced in paper: 'We also examined the relationship between screen time on each digital device and each domain of cognitive function, and summarized the results in supporting information (Table S1 and Fig."
85,"Mobile phone ownership, social media use, and substance use at ages 11-13 in the ABCD study.",2025,10.1016/j.addbeh.2024.108211,INCLUDE,,"Step 1 hit: mobile phone ownership (yes/no) and social media use (yes/no, >=1 account) each have explicit OR and b coefficients paired with individual-trait outcomes (substance use: alcohol, nicotine/tobacco, cannabis). E.g., phone ownership b=0.29, OR=1.34 for alcohol (Table 2); social media use b=1.59, OR=4.91 for cannabis (Supplementary Table 4)."
86,"Prospective Associations Between Early Adolescent Problematic Screen Use, Mental Health, Sleep, and Substance Use.",2026,10.1016/j.amepre.2025.108248,INCLUDE,,"Step 1 hit: MPIQ (Mobile Phone Involvement Questionnaire) and SMAQ (Social Media Addiction Questionnaire) are phone/SM-specific variables appearing as IVs with regression coefficients (e.g., SMAQ predicting depressive problems β=0.42, OR for suicide behaviors=1.86;"
87,Associations between sexual orientation and early adolescent screen use: findings from the Adolescent Brain Cognitive Development (ABCD) Study.,2023,10.1016/j.annepidem.2023.03.004,EXCLUDE,FT-EC2,"Sexual orientation as IV predicting screen-time modalities (texting, SM hours, video chat, SMAQ, MPIQ) as DVs. Sexual orientation is an identity characteristic, not an individual-trait outcome — the analysis is a demographic-epidemiology characterization of who uses screens, which fails the FT-IC2 individual-trait other-side requirement."
88,Screen use in transgender and gender-questioning adolescents: Findings from the Adolescent Brain Cognitive Development (ABCD) Study.,2024,10.1016/j.annepidem.2024.04.013,EXCLUDE,FT-EC2,"Transgender / gender-questioning identity as IV predicting screen-time modalities (SM hours, texting, SMAQ, MPIQ) as DVs. Gender identity is an identity characteristic, not an individual-trait outcome — the analysis is a demographic-epidemiology characterization of screen use among trans/gender-questioning youth, which fails the FT-IC2 individual-trait other-side requirement."
90,The Association Between Social Media Consumption and White Matter Health in the Adolescent Brain Cognitive Development (ABCD) Dataset,2025,10.1016/j.biopsych.2025.02.102,EXCLUDE,FT-EC3,"SOBP 2025 conference symposium abstract published in the Biological Psychiatry meeting abstracts supplement (Vol 97, S36, May 2025; DOI 10.1016/j.biopsych.2025.02.102). It is a single-page talk summary with no methods section, no tables, no full statistical reporting -- not a peer-reviewed empirical full article. The biopsych.2025.02.102 DOI is from the supplement, not from a regular journal issue (S-prefixed page = supplement)."
91,Identification and Validation of Distinct Latent Neurodevelopmental Profiles in the Adolescent Brain and Cognitive Development Study.,2022,10.1016/j.bpsc.2021.02.013,EXCLUDE,FT-EC2,"Step 1: Screen time is the only screen-related variable analyzed. Its label 'screen time' is not phone/SM-specific, so Step 1 finds no phone/SM-specific estimate. Step 2: Per the supplement methods, the ABCD Youth Screen Time Survey composite includes time spent on TV shows/movies, YouTube videos, video games (computer/console/phone/other devices), texting, social networking, and video chatting --..."
92,The roles of delayed cortical maturation and lower anticipatory reward activation in predicting addictive screen use in youth.,2026,10.1016/j.bpsc.2026.03.012,EXCLUDE,FT-EC7,"All three EC7 conditions hold: (a) longitudinal design (Y0 neural measures predict Y2 ASU outcomes); (b) SM/phone use (addictive social media use, addictive phone use) is the DV in every analysis involving these variables -- neural variables are always IV and ASU measures are always DV; (c) there is no analysis anywhere in the paper with SM/phone as IV."
94,"Somatomotor Disconnection Links Sleep Duration With Socioeconomic Context, Screen Time, Cognition, and Psychopathology.",2025,10.1016/j.bpsgos.2025.100522,EXCLUDE,FT-EC2,"Step 1: The paper reports a numeric estimate for 'screen time' as a DV predicted by somatomotor disconnection (beta=0.13, p=2.6x10^-19, Figure 3A). However, the variable label is simply 'screen time' without phone/SM-specific labeling."
95,Elevated loss sensitivity in the reward circuit in adolescents with video game but not social media addiction,2025,10.1016/j.chb.2025.108554,INCLUDE,,"Step 1 hit: SMA (Social Media Addiction Questionnaire, SMAQ) is a qualifying SM-specific variable. SMA is included as an IV in every LMM predicting neural beta-weights (fMRI reward/loss sensitivity in nucleus accumbens, insula, ACC, amygdala, etc.) -- individual-trait neural outcomes."
96,Pixels and perception: Mapping the association between digital media and psychotic-like experiences in adolescents.,2024,10.1016/j.comppsych.2024.152509,INCLUDE,,"Step 1 hit: Tables 2-4 report network edge weights for ScrText (texting), ScrSM (social media: Facebook, Instagram), and ScrVChat (video calling on Skype, Discord) -- all qualifying phone/SM-specific variables -- paired with PLE symptoms (hallucinations, delusion of control, difficulty concentrating) across three time points."
97,Impact of digital screen media activity on functional brain organization in late childhood: Evidence from the ABCD study.,2023,10.1016/j.cortex.2023.09.009,INCLUDE,,"Step 1: The paper measures individual screen activities including social media ('Visit social networking sites like Facebook, Twitter, Instagram, etc.'), texting ('Text on a cell phone, tablet, or computer'), and video chat ('Video chat (Skype, Facetime, etc.)') as separate items. GFA factor loadings (Fig."
98,"Current, future and potential use of mobile and wearable technologies and social media data in the ABCD study to increase understanding of contributors to child health.",2018,10.1016/j.dcn.2018.03.008,EXCLUDE,FT-EC3,"Paper is a perspective/commentary piece outlining current, future, and potential use of mobile and wearable technologies in the ABCD study. It does not report any original empirical analysis of ABCD data -- no regression models, no statistical results, no outcome analyses."
100,Youth screen use in the ABCD(R) study.,2022,10.1016/j.dcn.2022.101150,EXCLUDE,FT-EC3,"This is a measurement/methods paper describing development of the ABCD screen use questionnaire, longitudinal descriptive changes in screen usage, and psychometric analyses (CFA, measurement invariance) of the SMAQ and VGAQ scales."
101,Negative impact of daily screen use on inhibitory control network in preadolescence: A two-year follow-up study.,2023,10.1016/j.dcn.2023.101218,EXCLUDE,FT-EC2,"Step 1: No phone/SM-specific estimate found anywhere in main text, figures, or referenced supplementary tables. The sole exposure variable is the Screen-Activity Proportion (SAP = DailyScreenTime / [DailyScreenTime + DailyActivityTime])."
103,NowIKnowMyABCD: A global resource hub for researchers using data from the ABCD Study.,2024,10.1016/j.dcn.2024.101388,EXCLUDE,FT-EC3,"Paper introduces NowIKnowMyABCD, a community resource hub (GitHub discussion board + website) for ABCD researchers. No empirical analysis of ABCD data is reported. This is a resource/tool description paper equivalent to a study protocol or resource-availability paper. No statistical analyses, no outcomes, no participants analyzed."
105,Association of cyberbullying victimization and substance initiation: The Adolescent Brain Cognitive Development (ABCD) study,2023,10.1016/j.drugalcdep.2023.110920,EXCLUDE,FT-EC2,"Step 1: The only exposure variable is cyberbullying victimization (lifetime history and past-12-month history), measured by the question about being cyberbullied online, in texts, or on social media. No phone/SM-specific variable (time on phone, time on social media, named platform use, texting frequency, etc.) appears anywhere in the paper with its own numeric estimate."
106,Prospective association between screen use modalities and substance use experimentation in early adolescents.,2025,10.1016/j.drugalcdep.2024.112504,INCLUDE,,"Step 1 hit: social media time (h/d) has its own AOR estimate paired with substance use experimentation (individual-trait outcome). E.g., AOR for social media -> any substance experimentation = 1.20 (95% CI 1.14-1.26); texting -> any substance = AOR 1.18 (95% CI 1.12-1.24); video chatting -> any substance = AOR 1.09 (95% CI 1.03-1.16). Social media and texting are phone/SM-specific variables;"
107,Cannabis expectancies mediate the association between social media use and cannabis experimentation in early adolescents: A prospective cohort study.,2025,10.1016/j.drugalcdep.2025.112947,INCLUDE,,"Step 1 hit: social media time (h/d, Year 2) as IV with its own B coefficient paired with cannabis experimentation (Year 4) as DV: B=0.18 (95% CI 0.13-0.24, p<0.001). Social media time is a phone/SM-specific variable; cannabis experimentation is an individual-trait-level substance use outcome."
110,Longer screen time utilization is associated with the polygenic risk for Attention-deficit/hyperactivity disorder with mediation by brain white matter microstructure.,2022,10.1016/j.ebiom.2022.104039,EXCLUDE,FT-EC2,"Step 1: No phone/SM-specific per-modality estimate found anywhere in the paper. STU (screen time utilization) is the sole screen variable and is defined in Methods as 'total amount of self-reported time using various electronic devices on both typical weekdays and weekend days (abcd_ssmty01), such as spending time on Facebook or watching movies' -- a multi-device aggregate."
112,"Outdoor and indoor sources of residential radiofrequency electromagnetic fields, personal cell phone and cordless phone use, and cognitive function in 5-6 years old children.",2016,10.1016/j.envres.2016.06.021,EXCLUDE,FT-EC1,"The cohort studied is the Amsterdam Born Children and their Development (ABCD) Study (www.abcd-study.nl), a Dutch community-based cohort of children born 2003-2004 in Amsterdam, Netherlands. The methods section states: 'This study was embedded in the Amsterdam Born Children and their Development (ABCD) Study..."
115,"The longitudinal impact of screen media activities on brain function, architecture and mental health in early adolescence.",2025,10.1016/j.ijchp.2025.100589,INCLUDE,,"Step 1 hit: media-specific analyses report separate β coefficients for social media (e.g., β=0.032 internalizing, β=0.055 externalizing, pfdr<0.05) and texting (β=0.051 stress, pfdr=0.003), each paired with individual-trait-level mental health outcomes (internalizing, externalizing, stress problems)."
116,"Radiofrequency electromagnetic fields, screen time, and emotional and behavioural problems in 5-year-old children.",2019,10.1016/j.ijheh.2018.09.006,EXCLUDE,FT-EC1,"The cohort is the Amsterdam Born Children and their Development (ABCD) study in the Netherlands (n=3102 children aged 5 years, enrolled in Amsterdam 2003-2004). This is the Dutch ABCD cohort, not the U.S. NIH-funded Adolescent Brain Cognitive Development Study."
119,Youth Screen Media Activity Patterns and Associations With Behavioral Developmental Measures and Resting-state Brain Functional Connectivity.,2023,10.1016/j.jaac.2023.02.014,EXCLUDE,FT-EC2,"Step 1: No phone/SM-specific variable has its own separate numeric estimate anywhere. All results are expressed as SMA subgroup comparisons (binary dummy: subgroup 1 vs subgroup 2). Step 2: The SMA composite is measured via the 14-item ABCD STQ, which includes 'watching TV or movies, playing video games' alongside social network sites, video chat, texting, and frequency of mature-rated games and..."
121,Prospective Predictors of Adolescent Screen Time and Problematic Screen Use.,2025,10.1016/j.jaacop.2025.06.007,EXCLUDE,FT-EC7,"All three EC7 conditions hold: (a) longitudinal design -- baseline ages 9-10 predicting year 4 outcomes; (b) SM/phone variables (social media hours, SMAQ, MPIQ) are DV in every analysis; (c) no analysis anywhere in the paper uses SM/phone as IV -- individual-difference traits are always predictors and screen/SM/phone use outcomes are always DVs."
122,Developmental Pathways From Childhood Neurodevelopmental Traits to Early Adolescent Psychiatric Dimensions: The Role of Environmental and Lifestyle Factors.,2026,10.1016/j.jaacop.2025.11.011,EXCLUDE,FT-EC2,"Screen use variables (""social media,"" ""passive watching,"" ""active gaming,"" ""social engagement"") appear ONLY as candidate mediators in mediation models linking the neurodevelopmental spectrum (IV) to psychiatric dimensions (DV). In Figure 2, Figure 3, and Tables S2-S3, screen use is tested as mediator (path a: NDC -> screen use; path b: screen use -> outcome; path c': indirect effect)."
123,Social Media Usage and Its Association With the Social Media Addiction Questionnaire Scale Among Early Adolescents,2026,10.1016/j.jaacop.2026.02.003,EXCLUDE,FT-EC2,"The entire paper examines SM usage variables (hours/day, platform, account type, follower/following counts, secret account) as IVs predicting the SMAQ (Social Media Addiction Questionnaire) score as DV. Per the binding clarification, SMAQ is itself an SM/phone variable (problematic SM use scale), not an individual-trait-level outcome. Both sides of every analysis are SM variables."
124,Associations between screen time and internalizing disorder diagnoses among 9- to 10-year-olds.,2022,10.1016/j.jad.2022.05.071,INCLUDE,,"Step 1 hit: Table 3 reports separate ARR estimates for social media use (girls: ARR=2.20, 95% CI 1.13-4.30 for depressive disorders; boys: ARR=2.94, 95% CI 1.59-5.42) and texting (boys: ARR=2.30, 95% CI 1.34-3.97 for depressive disorders) -- phone/SM-specific variables paired with clinical DSM-5 internalizing disorder diagnoses (individual-trait mental health outcomes)."
126,Sleep Disturbance Predicts Depression Symptoms in Early Adolescence: Initial Findings From the Adolescent Brain Cognitive Development Study.,2020,10.1016/j.jadohealth.2019.12.005,EXCLUDE,FT-EC2,"Screen time appears only as a covariate in the sleep-mental health models, not as an IV or DV with its own reported coefficient. Methods state screen time (parent-reported time on computer, cellphone, tablet, iPod, and other devices) was included as a control variable. Results explicitly state: 'screen time was not included in the final models' after it failed to significantly improve model fit."
128,24-Hour Movement Behaviors and Internalizing and Externalizing Behaviors Among Youth.,2020,10.1016/j.jadohealth.2020.09.003,EXCLUDE,FT-EC2,"Step 1: No per-modality phone/SM-specific coefficient found anywhere in the paper. All regressions use an aggregate 'recreational screen time' composite as the exposure (measured in hours/day), categorized as meeting/not meeting the <=2h/day guideline. No separate estimate for texting, social media, video chat, or any phone-specific variable is reported in main tables or supplementary tables."
129,Transforming the Future of Adolescent Health: Opportunities From the Adolescent Brain Cognitive Development Study,2021,10.1016/j.jadohealth.2021.11.008,EXCLUDE,FT-EC3,"Paper is explicitly labeled 'Commentary' in the journal header. It describes the ABCD Study's design, scope, and open-science policy, and cites existing ABCD publications, but presents no original empirical analysis of ABCD data."
130,The Pandemic's Toll on Young Adolescents: Prevention and Intervention Targets to Preserve Their Mental Health.,2022,10.1016/j.jadohealth.2021.11.023,INCLUDE,,"Kiss 2022 J Adolesc Health -- XGBoost classifier of pandemic mental health outcomes in n~3,000 ABCD adolescents. The 240-feature input set included multiple ABCD COVID-19 Youth Survey screen-time items (texting, social media time, video chat, etc.); all were analyzed by the model with the same rigor and assigned SHAP feature-importance values. In the depression Survey 1 model (Fig 4B), 'texting on a cell phone, tablet, computer' surfaces as a top-20 predictor with mean |SHAP| = 0.07 (more texting -> higher predicted probability of clinically elevated depressive symptoms)."
132,Adherence to 24-Hour Movement Recommendations and Health Indicators in Early Adolescence: Cross-Sectional and Longitudinal Associations in the Adolescent Brain Cognitive Development Study.,2023,10.1016/j.jadohealth.2022.10.019,EXCLUDE,FT-EC2,"Step 1: No phone/SM-specific numeric estimate found anywhere. All results use composite 24-hour movement behavior categories (e.g., Sleep Only, Screen Time Only, Sleep & Screen Time, All). Step 2: The screen time composite is derived from the ABCD Youth Screen Time Survey covering six activities: internet browsing, texting, video chatting, social media use, single player video games, and..."
133,Screen Time and Obsessive-Compulsive Disorder Among Children 9-10 Years Old: A Prospective Cohort Study.,2023,10.1016/j.jadohealth.2022.10.023,INCLUDE,,"Step 1 hit: Table 3 (Model 3) reports adjusted OR for ""Social networking"" = 1.07 (95% CI 0.83-1.39) and for ""Texting"" = 1.20 (95% CI 1.00-1.44) paired with OCD (individual-trait psychiatric outcome). More clearly, ""Videos (YouTube)"" aOR 1.11 (p=.038) and ""Video games"" aOR 1.15 (p=.015) also reported as named modalities."
135,"Risk Assessment of Maladaptive Behaviors in Adolescents: Nutrition, Screen Time, Prenatal Exposure, Childhood Adversities - Adolescent Brain Cognitive Development Study.",2025,10.1016/j.jadohealth.2023.08.033,EXCLUDE,FT-EC2,"Step 1: No numeric estimate in any results location where the variable label is phone/SM-specific (e.g., time on phone, time on SM, texting, video chat) paired with an individual-trait outcome. Screen time (weekday and weekend) appears only as one component within the Factor 5 composite."
136,"Examining the Bidirectional Associations Between Sleep Duration, Screen Time, and Internalizing Symptoms in the ABCD Study.",2024,10.1016/j.jadohealth.2023.09.001,INCLUDE,,"Zink 2024 J Adolesc Health -- bidirectional longitudinal analysis of sleep duration, screen time, and internalizing symptoms in ABCD (N=10,828, baseline ages 9-10, one-year follow-up). Headline analyses (Tables 3-4) use total screen time composite (TV + YouTube + videogames + texting + video chatting + SNS, dichotomized at 2hr/day) -- would fail Step 2 alone."
139,Bedtime Screen Use Behaviors and Sleep Outcomes in Early Adolescents: A Prospective Cohort Study.,2024,10.1016/j.jadohealth.2024.06.006,INCLUDE,,"Step 1 hit: Table 3 reports separate regression estimates for 'Talk on the phone or text' as IV predicting sleep duration (B=-0.17, 95%CI:-0.22,-0.12, p<.001) and sleep disturbance (OR=1.13, 95%CI:1.05-1.23, p=.002), and 'Spend time online on social media' predicting sleep duration (B=-0.21, 95%CI:-0.26,-0.16, p<.001) and sleep disturbance (OR=1.10, 95%CI:1.01-1.20, p=.025)."
140,Longitudinal Use Patterns of Technology Subtypes During the Transition Into Early Adolescence: Results From the Adolescent Brain Cognitive Development Study.,2024,10.1016/j.jadohealth.2024.06.020,EXCLUDE,FT-EC2,"Step 1: Phone/SM-specific variables are present as DVs: social media hrs/day, texting hrs/day, video chat hrs/day are qualifying SM/phone variables. Table 2 reports ORs for predictors of >2 hrs/day use. However, all predictors (the other side) are exclusively demographic: biological sex (female vs."
141,Sociodemographic Correlates of Contemporary Screen Time Use among 9- and 10-Year-Old Children.,2022,10.1016/j.jpeds.2021.08.077,EXCLUDE,FT-EC2,"Step 1: Social networking, texting, and video chat are analyzed as DVs (hours/day) with sex, race/ethnicity, country of birth, household income, and parental education as IVs. Although SM/phone-specific variables (social networking, texting, video chat) appear with their own regression coefficients, the other side of every analysis is entirely demographic-only (sex, race/ethnicity, household..."
143,"Cyberbullying, mental health, and substance use experimentation among early adolescents: a prospective cohort study.",2025,10.1016/j.lana.2025.101002,EXCLUDE,FT-EC2,"Step 1: The sole exposure variable is cyberbullying victimization (single-item referencing texts, group texts, and social media like Instagram or Snapchat). No separate phone/SM-specific variable (time on phone, SM platform use, SMAQ, MPIQ, app use, etc.) appears as IV or DV with its own reported coefficient anywhere in the main tables, supplementary tables, or sensitivity analyses."
144,Associations of adolescent social media use trajectories with spatial and verbal memory: a prospective cohort study.,2026,10.1016/j.lana.2026.101454,INCLUDE,,"Step 1 hit: Social media time (hours/day on Instagram, Facebook, Twitter) from the ABCD Youth Screen Time Survey is the IV, with regression B coefficients in Table 2 (e.g., high increasing SM trajectory: B=-1.90, 95% CI: -2.76, -1.04 for RAVLT Initial Trials; B=-0.03, 95% CI: -0.05, -0.01 for LMT accuracy) paired with cognitive performance outcomes (RAVLT, LMT), which are individual-trait-level."
146,Screen media activity and brain structure in youth: Evidence for diverse structural correlation networks from the ABCD study.,2019,10.1016/j.neuroimage.2018.10.040,EXCLUDE,FT-EC2,"Step 1: No phone/SM-specific variable with its own coefficient appears in any table or figure. The SMA measure is a total composite score (hours/week) summing all 7 activities: (1) TV/movies, (2) YouTube videos, (3) video games on computer/console/phone/other device, (4) texting, (5) social networking sites, (6) video chat, (7) mature-rated games, (8) R-rated movies."
149,Connectome-based prediction of problematic use of social media in adolescents: Findings from the ABCD study.,2026,10.1016/j.neuroimage.2026.121829,EXCLUDE,FT-EC7,All three EC7 conditions hold: (a) longitudinal design -- baseline fMRI (ages 9-10) predicts SMAQ at 4-year follow-up; (b) SMAQ/SM is the DV in every analysis -- CPM predicts SMAQ severity from brain connectivity; (c) no analysis anywhere uses SMAQ or SM as IV predicting an outcome. No cross-sectional SM-as-DV analysis exists to trigger the carve-out. Paper is excluded under FT-EC7.
150,Social media use and early adolescent brain structure: Findings from the Adolescent Brain Cognitive Development (ABCD) Study.,2026,10.1016/j.neuroimage.2026.121860,INCLUDE,,"Step 1: Social media use (hours per day, named platforms Instagram/Facebook/Twitter) is the IV in all main analyses, paired with brain morphology (cortical thickness, surface area, volume -- individual-trait neural outcomes) as DV. Numeric estimates present throughout, e.g., 100x standardized B = -1.916, SE = 0.931, p = 0.040 for right hemisphere cortical volume;"
152,COVID information and masking behaviors in U.S. adolescents: Findings from the Adolescent Brain Cognitive Development (ABCD) Study.,2022,10.1016/j.pmedr.2022.101900,INCLUDE,,"Step 1 hit: Checking COVID-related social media activity (Facebook, Twitter, Instagram, TikTok, Snapchat) is measured as IV with its own adjusted risk ratio (ARR 1.09, 95% CI 1.00-1.19, p=0.049) predicting always-masking behavior. Masking behavior is a health behavior (individual-trait-level). Social media variable is SM-specific (named platforms listed)."
153,Identification and characterization of screen use trajectories from late childhood to adolescence in a US-population based cohort study.,2023,10.1016/j.pmedr.2023.102428,EXCLUDE,FT-EC2,"Step 1: No phone/SM-specific variable has its own separate numeric estimate anywhere in the paper. All analyses use a single composite total screen use variable. Step 2: The composite is defined as 'the sum of self-reported hours of daily use of television, videos, video games, social media, video chat, and texting' (Methods)."
154,"Adolescent smartphone use, sleep, and physical activity: daily associations between sensor-based measures in the adolescent brain cognitive development (ABCD) study",2025,10.1016/j.psychres.2025.116523,INCLUDE,,"Step 1 hit: Table 3 reports standardized β estimates for minutes of smartphone application use (6AM-7:59PM, 8PM-9:59PM, 10PM-5:59AM) and keyboard use as IVs against individual-trait-level health outcomes (total sleep, sleep onset, wake time, daily steps, sedentary minutes, exercise minutes). Example: daytime app use -> total steps β std = -0.209, P<0.001;"
156,Screen media use and sleep disturbance symptom severity in children.,2020,10.1016/j.sleh.2020.07.002,INCLUDE,,"Step 1 hit: Tables 2 and 3 report separate mean-difference estimates for weekday and weekend social media use (>=2 hrs vs. <2 hrs) paired with individual-trait sleep outcomes. Table 2: social media use weekday, d=-0.28 for sleep duration, d=0.19 for insomnia, d=0.12 for total sleep-wake disturbances. Table 4: relative risk of insufficient sleep for >=2 hrs weekday social media use = 1.56;"
157,Bedtime screen use behaviors and sleep outcomes: Findings from the Adolescent Brain Cognitive Development (ABCD) Study.,2023,10.1016/j.sleh.2023.02.005,INCLUDE,,"Step 1 hit: Table 3 reports adjusted risk ratios for qualifying phone/SM-specific variables paired with sleep (individual-trait health outcome): ""Talk on the phone or text"" ARR 1.16 (95% CI 1.09-1.23, p<.001) for trouble falling/staying asleep and ARR 1.09 (95% CI 1.04-1.13, p<.001) for sleep disturbance;"
158,Social epidemiology of bedtime screen use behaviors and sleep outcomes in early adolescence.,2025,10.1016/j.sleh.2025.05.005,INCLUDE,,"Step 1 hit: Table 4 and Table 5 report separate coefficients for phone/SM-specific bedtime modalities paired with individual-trait-level sleep outcomes. Specifically, 'Talk on the phone or text' has OR=1.11 (95% CI 1.05-1.18, p=.001) for sleep disturbance and B=-0.20 (95% CI -0.24 to -0.15, p<.001) for sleep duration;"
160,Screen time and suicidal behaviors among U.S. children 9-11 years old: A prospective cohort study.,2023,10.1016/j.ypmed.2023.107452,INCLUDE,,"Step 1 hit: Table 2 reports separate adjusted ORs for texting (aOR 1.36, 95% CI 1.06-1.74, p=0.014) and video chat (aOR 1.30, 95% CI 1.03-1.65, p=0.028) as IVs predicting suicidal behaviors (KSADS-5 clinical outcome) at 2-year follow-up. Both texting and video chat are qualifying phone/SM-specific variables. Suicidal behaviors (psychiatric clinical diagnosis) is an individual-trait-level outcome."
162,Risk and protective factors for childhood suicidality: a US population-based study,2020,10.1016/S2215-0366(20)30049-3,EXCLUDE,FT-EC2,"Step 1: No phone/SM-specific estimate exists anywhere in the paper. The screen time variables are 'Screen time during weekdays (h per day)' and 'Screen time during weekends (h per day)' -- no named SM platform, no phone-specific time, no texting, no SMAQ/MPIQ, no app-use variable reported with its own coefficient. Step 2: The composite screen time measure bundles multi-device/activity use."
164,Associations between 24-hour movement behaviours and global cognition in a cross-sectional sample of US children,2018,10.1016/S2352-4642(18)30278-5,EXCLUDE,FT-EC2,"Step 1: No phone/SM-specific numeric estimate found in any results location. The exposure variable is total recreational screen time (Youth Screen Time Survey), and regression results report guideline-adherence categories (e.g., 'Guidelines met: screen only' beta=4.25, 'Guidelines met: screen + sleep' beta=5.15) -- these are composite screen-time guideline adherence flags, not phone/SM-specific..."
166,"Demographic, psychological, behavioral, and cognitive correlates of BMI in youth: Findings from the Adolescent Brain Cognitive Development (ABCD) study.",2020,10.1017/s0033291719001545,EXCLUDE,FT-EC2,"Step 1: searched all results locations (Figs 1-3 LASSO/elastic-net coefficients, full-sample linear regression, sex-stratified models, Hispanic and Black non-Hispanic subsamples). The only screen-time variable in every analysis is defined as 'average minutes per week a child typically spends on a computer, cellphone, tablet, or other electronic device' -- a single multi-device aggregate with no..."
167,The role of smartphones in adolescent-parent discrepancy in reporting adolescents' internalizing problems.,2025,10.1017/s0954579425100618,INCLUDE,,"Step 1: Smartphone ownership age (age of first smartphone) is the key phone variable. Table 3 and Table 4 report multi-level model coefficients for smartphone ownership groups (8&under, 9&10, 11&12, 13&14) predicting youth- and parent-reported internalizing problems (anxiety/depression measured via CBCL and BPM)."
168,"Screen time, problematic media use, and clinical concerns in the ABCD Study: Differences by sex and race/ethnicity.",2025,10.1017/s0954579425100655,EXCLUDE,FT-EC2,"Step 1: No phone/SM-specific variable with its own coefficient found anywhere in the paper. The screen media use measure is a multi-device aggregate: parents/youth report total time on 'a computer, cell phone, tablet, iPod, or other electronic device' as a single summed quantity -- no per-device breakout."
172,Evaluating hypothetical prevention strategies for internalizing symptoms in the general population and at-risk children.,2025,10.1037/ccp0000912,EXCLUDE,FT-EC2,"Step 1: No numeric estimate with a phone/SM-specific variable label found anywhere in the paper. The exposure throughout is undifferentiated ""recreational screen time"" (ST) measured as total daily hours of recreational screen use by parent report, with no breakdown by device or platform."
175,Youth electronic media use and family conflict: Bidirectional associations across early adolescence.,2025,10.1037/fam0001390,INCLUDE,,"Step 1: Social EMU is defined in methods (p.1029) as a composite of 'social media + texting' -- exclusively phone/SM/digital-socializing items. Crosslagged path coefficients for social EMU <-> family conflict are reported in Figures 3 and 4 (for boys and girls separately) and in results text. Example: girls social EMU T1 -> family conflict T2: b=-0.59, beta=-0.18, SE=0.02, p<.001."
176,Longitudinal relationships between lifestyle risk factors and neurodevelopment in early adolescence.,2023,10.1037/hea0001248,EXCLUDE,FT-EC2,"Step 1: No phone/SM-specific numeric estimate found anywhere in the paper. Screen time enters only as one of four indicators loading onto a single latent 'lifestyle risk factor' domain (alongside sleep, physical activity, and BMI); no separate screen-time coefficient is reported in any table, supplementary material, or sensitivity analysis."
177,Effects of the COVID-19 pandemic on screen time and sleep in early adolescents.,2023,10.1037/hea0001251,INCLUDE,,"Step 1 finds qualifying estimates. The paper separates screen time into two distinct variables: 'time spent on social media platforms' and 'single player video game time.' Social media use is an IV with its own numeric estimates across multiple sleep outcomes: time in bed (chi2=114.56, p<.01; simple slopesPre-pandemic=-0.24 through March=-0.12 all p<.01); bedtime (chi2=456.52, p<.01;"
178,Leveraging the adolescent brain cognitive development study to advance and promote adolescent health: Introduction to the special issue.,2023,10.1037/hea0001351,EXCLUDE,FT-EC3,This is an editorial introduction to a special issue of Health Psychology. It describes and summarizes other empirical papers in the issue but contains no original empirical analysis of ABCD data.
179,One-year predictions of delayed reward discounting in the adolescent brain cognitive development study.,2022,10.1037/pha0000532,EXCLUDE,FT-EC2,"Screen time is defined as 'the weekly average hours a child typically spends on a computer, cellphone, tablet, or other electronic device' (p.17) -- a multi-device aggregated composite that includes TV shows/movies, videos, gaming, texting, social networking, and video chat on any device."
181,Prospective associations of sleep duration and screen time with transition from overweight/obesity to normal BMI in U.S. adolescents.,2025,10.1038/s41366-025-01980-6,EXCLUDE,FT-EC2,"Step 1: The only screen-time variable analyzed is 'total screen time (hours/day)' -- no numeric estimate exists where the variable label is phone/SM-specific (texting, social media, video chat, time on phone, named platform, etc.) paired with an individual-trait outcome."
183,Social epidemiology of early adolescent problematic screen use in the United States.,2022,10.1038/s41390-022-02176-8,EXCLUDE,FT-EC2,"Step 1: Three DVs analyzed: VGAQ (Video Game Addiction Questionnaire), SMAQ (Social Media Addiction Questionnaire), and MPIQ (Mobile Phone Involvement Questionnaire). Per binding clarification, SMAQ and MPIQ are SM/phone variables, not individual-trait outcomes on the other side."
184,Associations between media parenting practices and early adolescent screen use.,2025,10.1038/s41390-024-03243-y,INCLUDE,,"Step 1 hit: Table 3 reports separate regression coefficients for media parenting practices (IV) predicting problematic social media use (SMAQ; DV) and problematic mobile phone use (MPIQ; DV). For example, parental bedroom screen use predicts SMAQ: B=1.91 (95% CI 1.71-2.11, p<0.001); parental limiting of screen time predicts SMAQ: B=-1.58 (95% CI -1.83 to -1.34, p<0.001);"
185,Generalizable prediction of childhood ADHD symptoms from neurocognitive testing and youth characteristics.,2023,10.1038/s41398-023-02502-6,EXCLUDE,FT-EC2,"Step 1: 'Weekday screen time' and 'weekend screen time' appear as named predictor features with their own feature weights in PCR/LASSO models (Fig. 3, Fig. 4). However, these are described in Methods as 'Children's estimates of their time spent engaged in screen media on typical weekdays and weekend days ..."
186,Neural correlates differ between crystallized and fluid intelligence in adolescents.,2025,10.1038/s41398-025-03467-4,EXCLUDE,FT-EC2,"Step 1: No phone/SM-specific variable with its own coefficient found in any results location. The only screen variable is a single-item generic ""screen use"" (average hours/day of screen use from ABCD Screen Time Questionnaire); label is not phone/SM-specific."
187,Association of screen time with attention-deficit/hyperactivity disorder symptoms and their development: the mediating role of brain structure.,2025,10.1038/s41398-025-03672-1,EXCLUDE,FT-EC2,"Step 1: No separate phone/SM-specific numeric estimate found anywhere in the paper. All results (Table S2, Table S3, Figure 1-4) use a single aggregated ""screen time"" variable. Step 2 composite check: Methods explicitly state screen time was ""calculated as the total time spent using various devices, including playing video games and watching television."" This composite bundles TV/videos and video..."
190,The impact of digital media on children's intelligence while controlling for genetic differences in cognition and socioeconomic background.,2022,10.1038/s41598-022-11341-2,INCLUDE,,"Step 1 hit: 'Socializing' (defined as texting + video chat + social networking sites -- phone/SM-specific composite) has its own coefficient paired with intelligence (individual-trait). Baseline: r = -0.10, p < 0.001; longitudinal latent change model: β = -0.07, p = 0.220 (n.s.) but β = -0.10, p < 0.001 on baseline intelligence."
192,Long-term impact of digital media on brain development in children,2024,10.1038/s41598-024-63566-y,INCLUDE,,"Step 1 hit: Table 2 reports β coefficients for 'Social media usage' (h/day from YSTS) paired with cerebellum volume (neural outcome): Social media usage x Time β = 0.02 (p < 0.001), Social media usage x Time^2 β = -0.02 (p < 0.001). Social media usage is a named SM-specific variable; cerebellum volume is a neural individual-trait outcome."
193,Passively sensing smartphone use in teens with rates of use by sex and across operating systems.,2024,10.1038/s41598-024-68467-8,EXCLUDE,FT-EC2,"Step 1: Phone/SM-specific variables are present (passive app use, keystrokes, social apps = texting + video chatting + social media, self-reported smartphone use). However, the other side of every analysis is exclusively demographic or contextual: biological sex (t-tests: females > males, t=6.9, p<0.001), race/ethnicity, household income, parental education, operating system."
194,Neurocognitive and brain structure correlates of reading and television habits in early adolescence.,2025,10.1038/s41598-025-88398-2,EXCLUDE,FT-EC2,"Step 1: No phone/SM-specific variable found in any results location. The paper examines only (a) daily pleasurable reading hours and (b) daily television viewing hours as IVs. Neither is a phone/SM-specific variable. No texting, social media time, named SM platform, app use, smartphone ownership, or any other phone/SM measure appears in any table or analysis."
195,Examining measurement discrepancies in adolescent screen media activity with insights from the ABCD study.,2025,10.1038/s44184-025-00131-z,INCLUDE,,"Step 1 hit: EARS-logged social media use (passively sensed smartphone app time, a phone/SM-specific variable) is paired with externalizing symptoms (individual-trait behavioral outcome) with β=0.07 (95% CI: 0.03-0.12, p=0.002) and internalizing symptoms β=0.05 (95% CI: 0.01-0.09, p=0.028 for self-reported social media; Fig. 3 / Results section)."
196,Probing the digital exposome: associations of social media use patterns with youth mental health.,2024,10.1038/s44277-024-00006-9,INCLUDE,,"Step 1 hit: paper tests numerous phone/SM-specific variables as IVs with individual-trait mental health outcomes as DVs. Named-platform screentime variables (TikTok, Instagram, Snapchat, YouTube, Reddit, Twitter, Tumblr) and addictive SM use scale items each receive individual ExWAS LME coefficients against BPM Total Problems T-scores (e.g., addictive social media use coefficient shown in Fig."
202,"ACEs, Problematic Social Media Use, and Emotional/Behavioral Dysregulation Among ABCD",2025,10.1080/01612840.2025.2559062,EXCLUDE,FT-EC7,"All three EC7 conditions hold: (a) longitudinal design -- ACEs measured at Y1 predicting PSMU at Y3; (b) PSMU/SMAQ is the DV in every analysis (main model and all moderation models); (c) no analysis anywhere in the paper uses SM/PSMU as IV. No cross-sectional analysis with SM as DV was found in main text, tables, or supplements, so the cross-sectional carve-out does not apply."
205,Pet Ownership and Family Involvement in Sports and Other Activities.,2024,10.1080/08927936.2024.2406097,EXCLUDE,FT-EC2,"Step 1: No numeric estimate found where the variable label is phone/SM-specific (no social media hours, texting, video chat, SMAQ, MPIQ, or any named platform as IV or DV). The only screen-related outcome is the Youth Screen Time (STQ) and Parent Screentime Questionnaire (PSQ), both of which capture total/aggregate visual media time (TV, video games, computer, phone combined)."
208,Social Media Use and Alcohol Sipping in Early Adolescents: A Prospective Cohort Study.,2024,10.1080/10826084.2024.2310501,INCLUDE,,"Step 1 hit: ""social media time, hours (Year 1)"" as IV yields RR=1.31 (95% CI 1.20-1.43, p<0.001) for alcohol sipping (Year 3), a substance-use individual-trait outcome (Table 2, Model 1). Phone/SM-specific variable directly paired with individual-trait outcome."
215,Independent and Joint Prospective Associations of Screen Time and Sleep Disturbance with Body Mass Index and Waist Circumference Among U.S. Adolescents.,2025,10.1089/chi.2025.0022,INCLUDE,,"Step 1 hit: The paper reports separate analyses of screen time subtypes including 'socializing (texting, video chatting, and social media)' vs. BMI and WC (Supplementary Tables S6 and S7). The 'socializing' subtype is composed exclusively of phone/SM/digital-socializing items (texting + video chatting + social media)."
234,"Prospective associations between sleep, sensation-seeking, and mature screen usage in early adolescents: findings from the Adolescent Brain Cognitive Development study.",2025,10.1093/sleep/zsae234,EXCLUDE,FT-EC2,"Step 1: No phone/SM-specific variable (time on phone, time on SM, named platform, texting, video chat, app use, MPIQ, SMAQ, etc.) appears as IV or DV with its own numeric coefficient anywhere in the paper. The outcomes are mature-rated video game use and R-rated movie watching. Step 2 not reached."
238,"Preliminary findings on caffeine intake, screen time, social factors, and psychological well-being: their impact on chronotype and sleep health in Hispanic adolescents",2025,10.1093/sleepadvances/zpaf019,EXCLUDE,FT-EC2,"Step 1: No numeric estimate exists in any results location (Table 2, Table 3, SEM, supplementary) where a phone/SM-specific variable label (time on SM, time on phone, texting, named platform, etc.) is paired with an individual-trait outcome."
239,"Radiofrequency electromagnetic fields exposure, screen time and cognitive function in children and adolescents at 9-18 years old",2019,10.1097/01.ee9.0000606160.27107.76,EXCLUDE,FT-EC1,"Methods section states: ""Cross-sectional study in children of 9-11 years old (n=2,952) and adolescents of 17-18 years old (n=261), from the Dutch ABCD Study and the Spanish INMA Project."" The Dutch ABCD Study (Amsterdam Born Children and their Development) is explicitly excluded by FT-IC1; this is not the U.S. NIH-funded ABCD Study."
248,What We Know About Screen Time and Social Media in Early Adolescence: A Review of Findings from the Adolescent Brain Cognitive Development Study,2025,10.1097/MOP.0000000000001462,EXCLUDE,FT-EC3,Paper is a narrative review. Title states 'A Review of Findings from the Adolescent Brain Cognitive Development (ABCD) Study'; abstract states 'Purpose of review: To review recent literature based on Adolescent Brain and Cognitive Development Study data.' The paper synthesizes results from ~45 previously published studies (refs 2-44) but reports no original empirical analysis of ABCD data itself.
283,Confirmatory Factor Analysis on Mental Health Status using ABCD Cohort,2021,10.1109/bibm52615.2021.9669378,EXCLUDE,FT-EC2,"Step 1: No phone/SM-specific estimate found anywhere in the paper. The sole screen variable is 'Recreational Screen Time from the ABCD Youth Screen Time Survey,' described in Methods as 'number of hours performing screen-based activities (e.g., watching television, video games)' -- a composite that explicitly includes TV and video games."
287,"Social media use, smoking expectancies, and nicotine experimentation in early adolescents: A prospective cohort study.",2026,10.1111/ajad.70135,INCLUDE,,"Step 1 hit: social media time (hours per day) is a phone/SM-specific variable with explicit numeric estimates paired with nicotine experimentation (substance use, an individual-trait outcome). Table 2: direct effect B=0.138 (95% CI 0.081-0.196, p<.001) in the positive-expectancy model and B=0.153 (95% CI 0.100-0.206, p<.001) in the negative-expectancy model."
289,Parental psychological problems were associated with higher screen time and the use of mature-rated media in children.,2022,10.1111/apa.16253,INCLUDE,,"Step 1: Social media (minutes/day) is analyzed separately from TV, videos, and games in Table 3 with its own coefficient for parental externalising (coeff=2.17, 95% CI -2.25, 6.59), internalising (coeff=0.01, 95% CI -3.80, 3.77), and total problems. The social media variable (visiting social networking sites such as Twitter or Instagram, texting, video chat) is a named SM/phone-specific measure."
290,Family conflict and less parental monitoring were associated with greater screen time in early adolescence.,2024,10.1111/apa.17349,EXCLUDE,FT-EC7,"All three EC7 conditions hold: (a) longitudinal design (baseline predictors, outcomes at Year 1 and Year 2 follow-up); (b) screen time including social media is the DV in every analysis; (c) no analysis anywhere in the paper uses social media or screen time as IV. Predictors are parental monitoring and family conflict (not SM)."
291,Problematic smartphone use: What can teenagers and parents do to reduce use?,2024,10.1111/apa.17365,EXCLUDE,FT-EC1,"This perspective article analyzes data from 657 16- to 18-year-olds from five schools in England (Carter et al. 2024 UK study) and a prior survey of 18- to 24-year-olds. The ABCD Study is cited only in the discussion as a reference (Bagot et al. 2022, ref 7) to contextualize smartphone use patterns, but no ABCD data are analyzed by the authors of this paper."
292,Cyberbullying Victimisation Was Associated With Greater Manic Symptoms in Early Adolescence: A Prospective Cohort Study.,2025,10.1111/apa.70051,EXCLUDE,FT-EC2,Step 1: No phone/SM-specific variable has its own coefficient anywhere in the paper. Total screen time (hours/day) appears only as a covariate in adjusted models -- it is not an IV or DV with a reported coefficient for the SM<->outcome relationship (fails binding clarification: SM as covariate-only). The exposure variables are cyberbullying victimisation (lifetime and past 12-month yes/no).
295,"Extracurricular Activities, Screen Media Activity, and Sleep May Be Modifiable Factors Related to Children's Cognitive Functioning: Evidence From the ABCD Study",2021,10.1111/cdev.13578,INCLUDE,,"Step 1 hit: Follow-up LME analyses in the Results section report separate F-statistics for individual screen-time modalities against fluid cognitive functioning (FCF): social media use F(1,9662)=6.79, p<.01; time spent texting F(1,9666)=7.99, p<.005; video chatting F(1,9666)=6.81, p<.01. These are phone/SM-specific variables paired with FCF (a cognitive/neural individual-trait outcome)."
302,Contemporary screen time usage among children 9-10-years-old is associated with higher body mass index percentile at 1-year follow-up: A prospective cohort study.,2021,10.1111/ijpo.12827,INCLUDE,,"Step 1 hit: Table 2 reports per-modality B coefficients against BMI percentile: texting B=0.92 (95% CI 0.29-1.55, p=.004); video chat B=0.72 (95% CI 0.09-1.36, p=.025); social networking B=0.67 (95% CI -0.07-1.41, p=.075). Texting and video chat are phone/SM-specific variables paired with BMI percentile (a biological/physical-health individual-trait outcome). Step 1 satisfied; stop."
303,Multi-level Predictors of Depression Symptoms in the Adolescent Brain Cognitive Development (ABCD) Study,2022,10.1111/jcpp.13608,EXCLUDE,FT-EC2,"Step 1: No phone/SM-specific estimate (e.g., time on phone, time on SM, named platform, texting, video chat) with its own coefficient appears anywhere in the paper. The only screen-time variable is 'Weekend daily screen time (hours)' -- a single aggregate score with no per-modality breakout."
304,Contemporary screen time modalities and disruptive behavior disorders in children: a prospective cohort study.,2023,10.1111/jcpp.13673,INCLUDE,,"Step 1 hit: Table 2 reports adjusted PR for ""Social networking"" = 1.62 (95% CI 1.39-1.87, p<.001) predicting conduct disorder (individual-trait behavioral health outcome). Table 3 reports adjusted PR for ""Video chat"" = 1.21 (95% CI 1.06-1.37, p<.001) and ""Texting"" = 1.19 (95% CI 1.07-1.33, p<.001) predicting oppositional defiant disorder."
305,"Sexual and gender minority identity, peer victimization, and suicidality in adolescents: A mediation study using the ABCD Study",2025,10.1111/jcpp.14155,EXCLUDE,FT-EC2,"Step 1: No phone/SM-specific variable (phone time, SM use time, named platform, texting frequency, etc.) appears anywhere in the paper with its own numeric estimate. The exposure is SGM identity (individual-trait identity variable); the mediators are peer victimization (overt, relational, reputational) and cyber victimization; the outcome is suicidality."
306,Trajectories of psychotic-like experiences in youth and associations with lifestyle factors,2026,10.1111/jcpp.14179,EXCLUDE,FT-EC2,"Step 1: No phone/SM-specific numeric estimate found. The only screen time variable is a total composite from the 14-item self-report Screen Time Questionnaire (Sharif et al., 2010) measuring 'total amount of time spent using screens' as a weighted weekly summary score -- no phone/SM-specific estimate reported."
309,Bidirectional associations of problematic social media use and problematic gaming with mental health difficulties and strengths in adolescents: Sex and social support ...,,10.1111/jora.70076,EXCLUDE,FT-EC1,"The sample is 645 Dutch adolescents from the Amsterdam Born Children and their Development (ABCD) cohort study (Van Eijsden et al., 2010), a Dutch longitudinal cohort started in 2003-2004. This is NOT the U.S. NIH-funded Adolescent Brain Cognitive Development Study."
310,Associations between social media and crystallized and fluid performance trajectories in early adolescence.,2025,10.1111/jora.70125,INCLUDE,,"Step 1 hit: social media hours (time on social networking sites, hours/day, self-reported) is a named SM variable. Numeric slope-slope path estimates reported: s_sm -> s_cryst: beta = -.36, p < .001; s_sm -> s_flanker: beta = -.09, p = .031; s_sm -> s_pattern: beta = .11, p = .001 (Table 3)."
314,Neural Sensitivity to Social Media Use: Implications for Sleep Duration in Adolescents,2026,10.1111/jsr.70325,INCLUDE,,"Step 1 hit: social media use (self-reported daily hours via ABCD Screen Time Questionnaire, weighted average of weekday and weekend SM use) is a named SM-specific variable that appears as IV predicting sleep duration (individual-trait health outcome) with a reported estimate: chi-squared = 7.76, p = 0.016, and as DV predicted by sleep duration (chi-squared = 6.72, p = 0.021)."
377,Traumatic Stress Exposure as a Predictor of Dual Systems Model Development: Examining Deviant Peer Association as a Social Mediating Mechanism,2024,10.1177/00111287241305057,EXCLUDE,FT-EC2,"Step 1: No phone/SM-specific variable with its own coefficient found anywhere in the paper (main tables, no supplementary SM-specific estimates). All analyses involve traumatic stress exposure (KSADS PTSD subscale, Wave 3), deviant peer association (Peer Behavior Profile, Wave 4), prosocial peer association, impulse control, and sensation-seeking (UPPS Scale, Wave 5)."
380,Prevalence and Correlates of Emotion Dysregulation in Children: Results from the ABCD Study,2026,10.1177/10445463251415488,EXCLUDE,FT-EC2,"Step 1: No phone/SM-specific variable (time on phone, SM platform, texting, app use, etc.) appears as a labeled variable with its own numeric estimate (beta, OR, aOR) anywhere in the paper, including main tables, supplementary, or sensitivity analyses."
381,Bidirectional Associations Between Screen Time and Irritability in Preadolescence: A Temporal Network Analysis.,2026,10.1177/10445463251415497,INCLUDE,,"Step 1 hit: The temporal network (GVAR) reports separate quantitative edge weights for social media use predicting irritability over time (edge weight = 0.12) and for online chatting (texting + video chat combined) predicting irritability (edge weight = -0.03), as well as irritability predicting online chatting (edge weight = 0.03)."
384,Associations between media parenting practices and early adolescent consumption of R-rated movies and mature-rated video games.,2025,10.1186/s12887-024-05367-w,EXCLUDE,FT-EC2,"Step 1: No phone/SM-specific variable (time on phone, time on SM, named platform, texting, etc.) has its own coefficient in any result location (main tables, appendices D-G). The DVs are R-rated movie consumption frequency and mature-rated video game frequency. Mature/R-rated content alone does not qualify as a phone/SM variable (binding clarification #4)."
385,"Longitudinal changes in screen time, sleep, and sports/exercise activity in early adolescence.",2025,10.1186/s12887-025-06368-z,EXCLUDE,FT-EC2,"Step 1: Digital socializing (texting + video chatting + social networking) has its own coefficient estimates (e.g., increased by 0.98 h/day from baseline to Year 3, 95% CI 0.51-1.45, p<0.001; sex-stratified: females 1.39 h/day, males 0.48 h/day). This is a qualifying phone/SM variable."
388,Screen media activity does not displace other recreational activities among 9-10 year-old youth: a cross-sectional ABCD study(R).,2020,10.1186/s12889-020-09894-w,INCLUDE,,"Lees 2020 BMC Public Health -- cross-sectional ABCD baseline analysis of N=9,254 youth (ages 9-10) testing whether screen media activity (SMA) displaces recreational activity engagement. Methods entered 12 SMA items (6 screen types x WD/WE) into Group Factor Analysis (GFA), which extracted 15 robust latent group factors (GFs). The GFs were then used as predictors in GLMM logistic regressions predicting recreational activity endorsement. Fig."
389,Problematic social media use and alcohol expectancies in early adolescents.,2023,10.1186/s12889-023-15298-3,INCLUDE,,Step 1 hit: Table 2 (Model 3) reports B=0.045 (95% CI 0.020-0.069) for SMAQ score predicting positive alcohol expectancies and B=0.072 (95% CI 0.043-0.101) for negative alcohol expectancies. SMAQ is a qualifying problematic SM scale; alcohol expectancies are individual-trait-level (substance-use belief outcome).
390,Associations between adverse childhood experiences and early adolescent problematic screen use in the United States.,2023,10.1186/s12889-023-16111-x,EXCLUDE,FT-EC7,"All three EC7 conditions hold: (a) longitudinal prospective design (baseline ACEs predict Year 2 screen outcomes); (b) SM/phone variables (SMAQ, MPIQ, VGAQ) are DVs in every analysis; (c) no analysis with SM/phone as IV anywhere in the paper. No cross-sectional analysis with SM as DV is present to trigger the carve-out."
392,Association of physical activity and screen time with cardiovascular disease risk in the Adolescent Brain Cognitive Development Study.,2024,10.1186/s12889-024-18790-6,EXCLUDE,FT-EC2,"Step 1: No phone/SM-specific numeric estimate found anywhere in main tables or supplements; all results use total recreational screen time only. Step 2: The composite screen time measure includes ""television shows, movies, videos, video chat, single and multi-player video games, social media, and texting"" (Methods, p.3) - this bundles TV shows, movies, and video games (non-phone/non-SM..."
393,Screen time and mental health: a prospective analysis of the Adolescent Brain Cognitive Development (ABCD) Study.,2024,10.1186/s12889-024-20102-x,INCLUDE,,"Step 1 hit: Table 2 (Model 2, Adjusted) reports separate coefficients for social media (B=0.13, 95% CI 0.01, 0.26, p=0.036), video chat (B=0.35, 95% CI 0.19, 0.51, p<0.001), and texting (B=0.29, 95% CI 0.07, 0.51, p=0.012) as IVs predicting depressive symptoms (CBCL DSM-oriented scale, a mental-health individual-trait outcome). Phone/SM-specific estimates paired with individual-trait outcomes."
394,Screen time and mental health: a prospective analysis of the Adolescent Brain Cognitive Development (ABCD) Study,2024,10.1186/s12889-024-20102-x,INCLUDE,,"Step 1 hit: Table 2 (Model 2) reports per-modality coefficients for phone/SM-specific variables paired with individual-trait mental health outcomes. Texting x depressive symptoms B=0.26 (95% CI 0.09, 0.44), p=0.005; video chat x depressive symptoms B=0.35 (95% CI 0.19, 0.51), p<0.001; social media x depressive symptoms B=0.14 (95% CI -0.09, 0.33);"
395,"Adolescent screen time, anxiety/depression, and alcohol/e-cigarette use: evidence from the ABCD study.",2025,10.1186/s12889-025-25956-3,INCLUDE,,"Step 1 hit: Social media use is analyzed separately as a secondary exposure with its own GBTM trajectory groups and beta coefficients against anxiety/depression (individual-trait outcomes). Table 4 reports numeric estimates: Group 2 (Gradual Increase to Moderate Use) β = -0.30 (95% CI: -0.58, -0.03) for anxiety; Groups 3-5 show β = 1.03, 1.08, 1.49 for depression (all p <= 0.014)."
397,Higher recreational screen time and lower step count are associated with higher cardiovascular disease risk in early adolescence,2026,10.1186/s12889-026-26756-z,EXCLUDE,FT-EC2,"Step 1: No phone/SM-specific estimate found anywhere in the paper (Tables 2, 3, S2-S6). The sole exposure is total recreational screen time as a categorical composite. Step 2: The composite is defined in methods as encompassing 'watching television and videos, playing video games, texting, social media, and video chat' -- it bundles TV, video games (non-phone/non-SM), and phone/SM activities with..."
398,Screen time and problem behaviors in children: exploring the mediating role of sleep duration.,2019,10.1186/s12966-019-0862-x,INCLUDE,,"Step 1 hit: ""Social media"" is defined in methods as texting + visiting social networking sites (e.g., Twitter, Instagram) + video chat (e.g., FaceTime) -- exclusively phone/SM items. Table 2 reports separate IRR estimates for social media as IV: social media -> rule-breaking behavior B=0.08, p<.001, IRR=1.084 (95% CI 0.046, 0.115);"
400,"Longitudinal associations of screen time, physical activity, and sleep duration with body mass index in U.S. youth.",2024,10.1186/s12966-024-01587-6,INCLUDE,,Step 1: The 'socializing' screen time category is defined in the Methods as 'texting + video chatting + using social networking sites' -- exclusively phone/SM/digital-socializing items. This variable has its own separate coefficient in all analyses.
403,Social epidemiology of online dating in U.S. early adolescents.,2024,10.1186/s13104-024-06777-w,EXCLUDE,FT-EC2,"Sexual minority status as IV predicting online dating app use as DV. Sexual orientation is an identity characteristic, not an individual-trait outcome — the analysis is a demographic-epidemiology characterization of who uses dating apps, which fails the FT-IC2 individual-trait other-side requirement."
404,Dating app use and depression symptoms in adolescents.,2026,10.1186/s13104-026-07641-9,INCLUDE,,"Step 1 hit: dating app use is a qualifying SM/phone variable (online dating apps explicitly listed in IC2 criteria). It appears as IV with its own coefficient paired with depression symptoms (mental health = individual-trait). Table 2: adjusted standardized beta ß=0.42 (95% CI 0.08-0.76, p=0.017). Sensitivity analyses (Appendix D) also report ß=0.44 (95% CI 0.03-0.85, p=0.035)."
420,"Screen time and early adolescent mental health, academic, and social outcomes in 9- and 10- year old children: Utilizing the Adolescent Brain Cognitive Development   (ABCD) Study.",2021,10.1371/journal.pone.0256591,INCLUDE,,"Step 1 hit: the STQ breaks screen time into six types including 'texting on cellphone, tablet, or computer' and 'visiting social media sites.' Supplementary Tables S6-S18 (weekday) and S19-S31 (weekend) run separate regressions of each screen-type subcomponent on every outcome (depression, anxiety, internalizing, externalizing, ODD, conduct disorder, ADHD, academic performance, sleep, peer..."
429,24-Hour Movement Behaviors and Impulsivity.,2019,10.1542/peds.2019-0187,EXCLUDE,FT-EC2,"Step 1: No phone/SM-specific coefficient (texting, social media, phone time, etc.) appears in any results table or supplementary material. The only screen-time variable reported is a composite ST recommendation indicator (meeting/not-meeting <=2 hrs/day) derived from the 12-item Youth Screen Time Survey."
431,"Smartphone Ownership, Age of Smartphone Acquisition, and Health Outcomes in Early Adolescence.",2026,10.1542/peds.2025-072941,INCLUDE,,"Step 1 hit: smartphone ownership (yes/no) as IV paired with depression (OR=1.31), obesity (OR=1.40), and insufficient sleep (OR=1.62) as individual-trait outcomes (Table 1 in main paper). Age of first smartphone acquisition paired with obesity (OR=1.09 per year earlier) and sleep (OR=1.08)."
433,Sociodemographic Associations With Early Smartphone Ownership in US Adolescents,2026,10.1542/peds.2025-073891,EXCLUDE,FT-EC2,"Smartphone ownership age (early <10 years, binary DV) is a qualifying phone variable. However, the other side consists exclusively of demographic predictors: sex (OR=1.38 female vs. male), race/ethnicity (OR=2.78 Black, OR=1.36 Hispanic, OR=1.69 multiracial), household income (<$75,000 OR=1.10), parental marital status (single parent OR=2.01, cohabiting OR=1.90), and parental education..."
434,Sociodemographic Associations With Early Smartphone Ownership in US Adolescents,,10.1542/peds.2025-073891/206084,EXCLUDE,FT-EC2,"Step 1: The qualifying smartphone variable is age of first smartphone ownership / early smartphone ownership (<10 years old), which qualifies as a phone variable (smartphone ownership). However, the other side of every analysis consists exclusively of demographic variables: youth sex, race/ethnicity, household income, parental marital status, and parental education."
435,"Digital Media, Genetics, and Risk for ADHD Symptoms in Children: A Longitudinal Study",2025,10.1542/pedsos.2025-000922,INCLUDE,,"Step 1 hit: Table 2 reports separate β coefficients for ""social media use x time"" predicting inattention symptoms (β=0.03, p<.001); Figure 3 cross-lagged panel model reports social media use as IV predicting inattention (β=0.03, p=.004). Social media use is constructed from YSTS items 4 (texting) + 5 (visiting social networking sites) + 6 (video chat), a qualifying SM/phone-specific composite."
436,"Digital Media, Genetics, and Risk for ADHD Symptoms in Children: A Longitudinal Study",,10.1542/pedsos.2025-000922/205729,INCLUDE,,"Step 1 hit: social media use (items 4+5+6: texting + social networking sites + video chat) is a qualifying phone/SM-specific variable with its own beta coefficients throughout Table 2 (e.g., social media use x time for inattention: β [SE] = 0.03 [0.01], P<.001) and cumulative effect β=0.15 predicting ADHD inattention symptoms (individual-trait outcome). SM is IV;"
439,Brain structural covariation linked to screen media activity and externalizing behaviors in children.,2022,10.1556/2006.2022.00044,EXCLUDE,FT-EC2,"Step 1: No phone/SM-specific per-modality estimate found anywhere. The paper reports only a single brain covariation component->total SMA score coefficient (β = 0.107, P = 0.002). SMA is never broken out by modality in any results table or supplement."
440,Brain structural co-development is associated with internalizing symptoms two years later in the ABCD cohort.,2023,10.1556/2006.2023.00006,EXCLUDE,FT-EC2,"Step 1: All results tables (Table A2, Fig. 2B mediation diagram, text) report only the composite 'baseline total screen time' (or 'SMA') variable -- no separate per-modality coefficient for phone/SM-specific items (social media, texting, etc.) appears anywhere in main text, appendix, or supplementary."
441,"Screen time, sleep, brain structural neurobiology, and sequential associations with child and adolescent psychopathology: Insights from the ABCD study.",2024,10.1556/2006.2024.00016,EXCLUDE,FT-EC2,"Step 1: No phone/SM-specific estimate found anywhere in the paper. The SMA measure is defined as 'total number of hours spent on non-school-related SMA on a typical day,' a composite that 'mainly included time spent watching TV shows/movies, watching videos, playing video games, texting on electronic devices, visiting social networking sites, and video-chatting' (Methods, SMA section)."
442,The longitudinal association between reward processing and symptoms of video game addiction in the Adolescent Brain Cognitive Development Study.,2024,10.1556/2006.2024.00068,EXCLUDE,FT-EC2,"Step 1: No phone/SM-specific variable with its own coefficient anywhere in the paper (main tables, Table 3, Table 4, supplementary). The only gaming-side variable is VGAQ (Video Game Addiction Questionnaire), which measures generic video game addiction (single-player or online multiplayer, platform unspecified). Step 2: VGAQ is not a composite including phone/SM items; it is a gaming-only scale."
443,Beyond screen time: The core influences of problematic screen use on adolescent development networks.,2025,10.1556/2006.2025.00035,INCLUDE,,"Step 1 hit: SMAQ (Problematic Social Media, node A2) and MPIQ (Problematic Mobile Phone, node A3) are qualifying SM/phone-specific variables. In CLPN models, A2 and A3 appear as IVs with cross-lagged edges to individual-trait outcomes: e.g., A2 (problematic social media) predicts somatic complaints C3 (B=0.302), behavioral activation BAS (B=0.179), delinquent peer involvement E3 (B=0.108),..."
444,The effect of caffeine use in the relationship between gaming and sleep in adolescents: A mediation analysis.,2025,10.1556/2006.2025.00076,EXCLUDE,FT-EC2,"Step 1: No phone/SM-specific numeric estimate found anywhere in the paper. All exposure variables are gaming-only: daily gaming duration (hours/day) and VGAQ (Video Game Addiction Questionnaire, a generic gaming addiction scale). Platform is unspecified (single-player or online multiplayer video games)."
445,Situating problematic gaming and psychotic-like experiences in the adolescent landscape of affordances: A cohort study.,2026,10.1556/2006.2025.00094,EXCLUDE,FT-EC2,"Paquin et al. 2026 J Behav Addictions -- prospective cohort analysis of problematic gaming -> psychotic-like experiences (PLEs) in ABCD (N=6,467 gaming youth). Primary exposure is problematic gaming measured by Video Game Addiction Questionnaire (VGAQ-based, Bergen-adapted) -- gaming-alone without explicit mobile/phone modality, fails per binding clarification 2. SMAQ enters ONLY as a sensitivity covariate. Methods (p.323) explicitly frame SMAQ as a control variable: 'we additionally included problematic social media use..."
446,Connectome-based predictive modelling of problematic gaming in youth from the ABCD study.,2026,10.1556/2006.2025.00103,EXCLUDE,FT-EC2,"Step 1: The sole behavioral variable is VGAQ (Video Game Addiction Questionnaire), measuring problematic gaming severity. Platform is unspecified -- participants self-reported engagement with 'single-player or online multi-player video games' with no explicit mobile/phone-based gaming modality."
473,Passive Sensing of Preteens' Smartphone Use: An Adolescent Brain Cognitive Development (ABCD) Cohort Substudy.,2021,10.2196/29426,EXCLUDE,FT-EC2,Step 1: No numeric estimate found pairing a phone/SM-specific variable with an individual-trait-level outcome. All analyses either assess: (a) correlation between self-report and objective passive sensing (r=0.49) as a measurement-validity check -- other side is not an individual-trait outcome but a measurement method;
475,"Associations Among Cyberbullying Victimization, Inhibitory Control, Neural Activation of Error Processing, and Mental Health Problems in Adolescents: Neuroimaging, Retrospective Longitudinal Cohort Study Using the Adolescent Brain Cognitive Development Data",2026,10.2196/75126,EXCLUDE,FT-EC2,"Step 1: No results table or supplementary table presents a numeric estimate (beta, OR, r, etc.) where the variable label is phone/SM-specific (time on SM, named platform, texting, video chat, app use, MPIQ, SMAQ, etc.) paired with an individual-trait variable. Social media use appears only as a covariate (Table 1 reports group means; methods state it was included as a covariate in all analyses)."
521,Passive and social screen time in children with autism and in association with obesity.,2023,10.3389/fped.2023.1198033,INCLUDE,,"Step 1 hit: Table 2 reports ratio of means for 'Social and video chat minutes per day' separately (girls with autism 45.5 vs. 21.9 min, ratio=2.08, p=0.04); Table 3 reports prevalence ratio for texting and obesity (overall p=0.04, PR=1.42 for 30+ min)."
534,ADHD and gaming addiction in adolescents: psychosocial mediators in the adolescent brain cognitive development study.,2026,10.3389/fpsyt.2026.1756782,EXCLUDE,FT-EC2,"Step 1: No phone/SM-specific numeric estimate found anywhere in the paper. The primary outcome is VGAQ (Video Game Addiction Questionnaire), which measures gaming addiction symptoms for video games with platform unspecified. The predictors are ADHD diagnosis (KSADS-COMP) and psychosocial mediators (prosocial peer involvement, school involvement, family conflict, parental monitoring, etc.)."
541,Typologies of Family Functioning and 24-h Movement Behaviors.,2021,10.3390/ijerph18020699,EXCLUDE,FT-EC2,"Step 1: No phone/SM-specific coefficient found anywhere in the paper. Screen time is measured via the 'Youth Screen Time Survey (12 items)' and analyzed only as a composite daily screen time score (weighted average across weekday and weekend). No breakdown by modality (phone, social media, texting, etc.) appears in any table or supplementary material."
543,American Children's Screen Time: Diminished Returns of Household Income in Black Families.,2020,10.3390/info11110538,EXCLUDE,FT-EC2,"Step 1: No phone/SM-specific variable has its own coefficient anywhere in the paper. Step 2: The screen time DV is a multi-device aggregate -- Methods state parents reported time 'using different types of electronic devices (computer, cellphone, tablet, iPod, and other devices)' summed as a single weekday hours measure (screentime_ss_weekday)."
